Verified existing v8 SDK; no replacement or downloads performed.
+ git -C C:\kz-deps\depot_tools remote get-url origin
+ git -C C:\kz-deps\depot_tools diff --name-only HEAD
+ git -C C:\kz-deps\depot_tools diff --cached --name-only
+ git -C C:\kz-deps\depot_tools rev-parse HEAD
+ git -C C:\kz-deps\angle-work\angle remote get-url origin
+ git -C C:\kz-deps\angle-work\angle diff --name-only HEAD
+ git -C C:\kz-deps\angle-work\angle diff --cached --name-only
+ git -C C:\kz-deps\angle-work\angle rev-parse HEAD
+ C:\WINDOWS\system32\cmd.exe /d /v:off /s /c "C:\kz-deps\depot_tools\gclient.BAT sync --jobs 2 --revision angle@041e83047db3e3b45f51cf98daba407583a1b2eb"
________ running 'python3 third_party/depot_tools/update_depot_tools_toggle.py --disable' in 'C:\kz-deps\angle-work\angle'
________ running 'python3 build/vs_toolchain.py update --force' in 'C:\kz-deps\angle-work\angle'
________ running 'python3 tools/rust/update_rust.py' in 'C:\kz-deps\angle-work\angle'
________ running 'python3 build/util/lastchange.py -o build/util/LASTCHANGE' in 'C:\kz-deps\angle-work\angle'
________ running 'python3 third_party/depot_tools/download_from_google_storage.py --no_resume --bucket chromium-browser-clang/rc -s build/toolchain/win/rc/win/rc.exe.sha1' in 'C:\kz-deps\angle-work\angle'
________ running 'python3 third_party/depot_tools/download_from_google_storage.py --no_resume --platform=win32* --bucket angle-glslang-validator -s tools/glslang/glslang_validator.exe.sha1' in 'C:\kz-deps\angle-work\angle'
________ running 'python3 third_party/depot_tools/download_from_google_storage.py --no_resume --platform=win32* --bucket angle-flex-bison -d tools/flex-bison/windows/' in 'C:\kz-deps\angle-work\angle'
________ running 'python3 build/config/siso/configure_siso.py --rbe_instance projects/rbe-chrome-untrusted/instances/default_instance' in 'C:\kz-deps\angle-work\angle'
+ git -C C:\kz-deps\angle-work\angle rev-parse HEAD
+ C:\WINDOWS\system32\cmd.exe /d /v:off /s /c "C:\kz-deps\depot_tools\gclient.BAT revinfo"
+ C:\Users\verom\AppData\Roaming\uv\python\cpython-3.13-windows-x86_64-none\python.exe C:\kz-deps\depot_tools\gn.py gen out/zero-release --fail-on-unused-args --script-executable=C:\Users\verom\AppData\Roaming\uv\python\cpython-3.13-windows-x86_64-none\python.exe
Generating compile_commands took 222ms
Done. Made 1541 targets from 254 files in 8570ms
+ C:\Users\verom\AppData\Roaming\uv\python\cpython-3.13-windows-x86_64-none\python.exe C:\kz-deps\depot_tools\ninja.py -C out/zero-release -j 8 libEGL libGLESv2
ninja: Entering directory `out/zero-release'
[1/1268] CXX obj/third_party/abseil-cpp/absl/base/base/unscaledcycleclock.obj
[2/1268] CXX obj/third_party/abseil-cpp/absl/base/cpu_detect/cpu_detect.obj
[3/1268] CXX obj/third_party/abseil-cpp/absl/base/base/thread_identity.obj
[4/1268] CXX obj/third_party/abseil-cpp/absl/base/base/casts.obj
[5/1268] CXX obj/third_party/abseil-cpp/absl/base/base/spinlock.obj
[6/1268] CXX obj/third_party/abseil-cpp/absl/base/log_severity/log_severity.obj
[7/1268] CXX obj/third_party/abseil-cpp/absl/base/tracing_internal/tracing.obj
[8/1268] CXX obj/third_party/abseil-cpp/absl/base/raw_logging_internal/raw_logging.obj
[9/1268] CXX obj/third_party/abseil-cpp/absl/base/strerror/strerror.obj
[10/1268] CXX obj/third_party/abseil-cpp/absl/base/throw_delegate/throw_delegate.obj
[11/1268] CXX obj/third_party/abseil-cpp/absl/base/base/cycleclock.obj
[12/1268] CXX obj/third_party/abseil-cpp/absl/base/spinlock_wait/spinlock_wait.obj
[13/1268] CXX obj/third_party/abseil-cpp/absl/base/base/sysinfo.obj
[14/1268] CXX obj/third_party/abseil-cpp/absl/base/malloc_internal/low_level_alloc.obj
[15/1268] CXX obj/third_party/abseil-cpp/absl/container/hashtablez_sampler/hashtablez_sampler.obj
[16/1268] CXX obj/third_party/abseil-cpp/absl/container/hashtablez_sampler/hashtablez_sampler_force_weak_definition.obj
[17/1268] CXX obj/third_party/abseil-cpp/absl/crc/crc32c/crc_memcpy_x86_arm_combined.obj
[18/1268] CXX obj/third_party/abseil-cpp/absl/crc/crc32c/crc32c.obj
[19/1268] CXX obj/third_party/abseil-cpp/absl/crc/crc32c/crc_memcpy_fallback.obj
[20/1268] CXX obj/third_party/abseil-cpp/absl/crc/crc32c/crc_non_temporal_memcpy.obj
[21/1268] CXX obj/third_party/abseil-cpp/absl/debugging/debugging_internal/elf_mem_image.obj
[22/1268] CXX obj/third_party/abseil-cpp/absl/debugging/debugging_internal/address_is_readable.obj
[23/1268] CXX obj/third_party/abseil-cpp/absl/debugging/debugging_internal/vdso_support.obj
[24/1268] CXX obj/third_party/abseil-cpp/absl/crc/crc_cord_state/crc_cord_state.obj
[25/1268] CXX obj/third_party/abseil-cpp/absl/crc/crc_internal/crc_x86_arm_combined.obj
[26/1268] CXX obj/third_party/abseil-cpp/absl/crc/crc_internal/crc.obj
[27/1268] CXX obj/third_party/abseil-cpp/absl/debugging/leak_check/leak_check.obj
[28/1268] CXX obj/third_party/abseil-cpp/absl/debugging/demangle_rust/demangle_rust.obj
[29/1268] CXX obj/third_party/abseil-cpp/absl/debugging/utf8_for_code_point/utf8_for_code_point.obj
[30/1268] CXX obj/third_party/abseil-cpp/absl/debugging/decode_rust_punycode/decode_rust_punycode.obj
[31/1268] CXX obj/third_party/abseil-cpp/absl/debugging/examine_stack/examine_stack.obj
[32/1268] CXX obj/third_party/abseil-cpp/absl/debugging/demangle_internal/demangle.obj
[33/1268] CXX obj/third_party/abseil-cpp/absl/debugging/failure_signal_handler/failure_signal_handler.obj
[34/1268] CXX obj/third_party/abseil-cpp/absl/debugging/stacktrace/stacktrace.obj
[35/1268] CXX obj/third_party/abseil-cpp/absl/hash/city/city.obj
[36/1268] CXX obj/third_party/abseil-cpp/absl/debugging/symbolize/symbolize.obj
[37/1268] CXX obj/third_party/abseil-cpp/absl/container/raw_hash_set/raw_hash_set.obj
[38/1268] CXX obj/third_party/abseil-cpp/absl/log/internal/conditions/conditions.obj
[39/1268] CXX obj/third_party/abseil-cpp/absl/hash/hash/hash.obj
[40/1268] CXX obj/third_party/abseil-cpp/absl/log/initialize/initialize.obj
[41/1268] CXX obj/third_party/abseil-cpp/absl/log/internal/fnmatch/fnmatch.obj
[42/1268] CXX obj/third_party/abseil-cpp/absl/log/die_if_null/die_if_null.obj
[43/1268] CXX obj/third_party/abseil-cpp/absl/log/globals/globals.obj
[44/1268] CXX obj/third_party/abseil-cpp/absl/log/log_sink/log_sink.obj
[45/1268] CXX obj/third_party/abseil-cpp/absl/log/log_entry/log_entry.obj
[46/1268] CXX obj/third_party/abseil-cpp/absl/log/internal/nullguard/nullguard.obj
[47/1268] CXX obj/third_party/abseil-cpp/absl/log/internal/globals/globals.obj
[48/1268] CXX obj/third_party/abseil-cpp/absl/log/internal/check_op/check_op.obj
[49/1268] CXX obj/third_party/abseil-cpp/absl/log/internal/proto/proto.obj
[50/1268] CXX obj/third_party/abseil-cpp/absl/log/internal/structured_proto/structured_proto.obj
[51/1268] CXX obj/third_party/abseil-cpp/absl/log/internal/format/log_format.obj
[52/1268] CXX obj/third_party/abseil-cpp/absl/profiling/exponential_biased/exponential_biased.obj
[53/1268] CXX obj/third_party/abseil-cpp/absl/log/internal/log_sink_set/log_sink_set.obj
[54/1268] CXX obj/third_party/abseil-cpp/absl/log/internal/log_message/log_message.obj
[55/1268] CXX obj/third_party/abseil-cpp/absl/random/internal/platform/randen_round_keys.obj
[56/1268] CXX obj/third_party/abseil-cpp/absl/random/internal/randen/randen.obj
[57/1268] CXX obj/third_party/abseil-cpp/absl/random/seed_gen_exception/seed_gen_exception.obj
[58/1268] CXX obj/third_party/abseil-cpp/absl/random/distributions/discrete_distribution.obj
[59/1268] CXX obj/third_party/abseil-cpp/absl/random/distributions/gaussian_distribution.obj
[60/1268] CXX obj/third_party/abseil-cpp/absl/numeric/int128/int128.obj
[61/1268] CXX obj/third_party/abseil-cpp/absl/log/internal/vlog_config/vlog_config.obj
[62/1268] CXX obj/third_party/abseil-cpp/absl/random/internal/randen_hwaes/randen_detect.obj
[63/1268] CXX obj/third_party/abseil-cpp/absl/random/seed_sequences/seed_sequences.obj
[64/1268] CXX obj/third_party/abseil-cpp/absl/random/internal/randen_hwaes_impl/randen_hwaes.obj
[65/1268] CXX obj/third_party/abseil-cpp/absl/random/internal/entropy_pool/entropy_pool.obj
[66/1268] CXX obj/third_party/abseil-cpp/absl/random/internal/randen_slow/randen_slow.obj
[67/1268] CXX obj/third_party/abseil-cpp/absl/random/internal/seed_material/seed_material.obj
[68/1268] CXX obj/third_party/abseil-cpp/absl/status/status/status_payload_printer.obj
[69/1268] CXX obj/third_party/abseil-cpp/absl/status/status/status.obj
[70/1268] CXX obj/third_party/abseil-cpp/absl/status/status/status_internal.obj
[71/1268] CXX obj/third_party/abseil-cpp/absl/status/statusor/statusor.obj
[72/1268] CXX obj/third_party/abseil-cpp/absl/strings/cord/cord_analysis.obj
[73/1268] CXX obj/third_party/abseil-cpp/absl/status/status_builder/status_builder.obj
[74/1268] CXX obj/third_party/abseil-cpp/absl/strings/cord_internal/cord_internal.obj
[75/1268] CXX obj/third_party/abseil-cpp/absl/strings/cordz_functions/cordz_functions.obj
[76/1268] CXX obj/third_party/abseil-cpp/absl/strings/cord/cord.obj
[77/1268] CXX obj/third_party/abseil-cpp/absl/strings/cord_internal/cord_rep_btree_navigator.obj
[78/1268] CXX obj/third_party/abseil-cpp/absl/strings/cord_internal/cord_rep_btree_reader.obj
[79/1268] CXX obj/third_party/abseil-cpp/absl/strings/cord_internal/cord_rep_consume.obj
[80/1268] CXX obj/third_party/abseil-cpp/absl/strings/cord_internal/cord_rep_crc.obj
[81/1268] CXX obj/third_party/abseil-cpp/absl/strings/internal/utf8.obj
[82/1268] CXX obj/third_party/abseil-cpp/absl/strings/cordz_handle/cordz_handle.obj
[83/1268] CXX obj/third_party/abseil-cpp/absl/strings/cord_internal/cord_rep_btree.obj
[84/1268] CXX obj/third_party/abseil-cpp/absl/strings/internal/ostringstream.obj
[85/1268] CXX obj/third_party/abseil-cpp/absl/strings/internal/escaping.obj
[86/1268] CXX obj/third_party/abseil-cpp/absl/strings/str_format_internal/extension.obj
[87/1268] CXX obj/third_party/abseil-cpp/absl/strings/str_format_internal/output.obj
[88/1268] CXX obj/third_party/abseil-cpp/absl/strings/str_format_internal/arg.obj
[89/1268] CXX obj/third_party/abseil-cpp/absl/strings/cordz_info/cordz_info.obj
[90/1268] CXX obj/third_party/abseil-cpp/absl/strings/strings/ascii.obj
[91/1268] CXX obj/third_party/abseil-cpp/absl/strings/str_format_internal/bind.obj
[92/1268] CXX obj/third_party/abseil-cpp/absl/strings/str_format_internal/parser.obj
[93/1268] CXX obj/third_party/abseil-cpp/absl/strings/strings/charconv_parse.obj
[94/1268] CXX obj/third_party/abseil-cpp/absl/strings/strings/damerau_levenshtein_distance.obj
[95/1268] CXX obj/third_party/abseil-cpp/absl/strings/strings/charconv.obj
[96/1268] CXX obj/third_party/abseil-cpp/absl/strings/str_format_internal/float_conversion.obj
[97/1268] CXX obj/third_party/abseil-cpp/absl/strings/strings/memutil.obj
[98/1268] CXX obj/third_party/abseil-cpp/absl/strings/strings/charconv_bigint.obj
[99/1268] CXX obj/third_party/abseil-cpp/absl/strings/strings/stringify_sink.obj
[100/1268] CXX obj/third_party/abseil-cpp/absl/strings/strings/escaping.obj
[101/1268] CXX obj/third_party/abseil-cpp/absl/strings/strings/match.obj
[102/1268] CXX obj/third_party/abseil-cpp/absl/strings/strings/str_replace.obj
[103/1268] CXX obj/third_party/abseil-cpp/absl/strings/strings/str_cat.obj
[104/1268] CXX obj/third_party/abseil-cpp/absl/strings/strings/str_split.obj
[105/1268] CXX obj/third_party/abseil-cpp/absl/strings/strings/numbers.obj
[106/1268] CXX obj/third_party/abseil-cpp/absl/strings/strings/substitute.obj
[107/1268] CXX obj/third_party/abseil-cpp/absl/synchronization/synchronization/pthread_waiter.obj
[108/1268] CXX obj/third_party/abseil-cpp/absl/synchronization/graphcycles_internal/graphcycles.obj
[109/1268] CXX obj/third_party/abseil-cpp/absl/synchronization/synchronization/sem_waiter.obj
[110/1268] CXX obj/third_party/abseil-cpp/absl/synchronization/kernel_timeout_internal/kernel_timeout.obj
[111/1268] CXX obj/third_party/abseil-cpp/absl/synchronization/synchronization/barrier.obj
[112/1268] CXX obj/third_party/abseil-cpp/absl/synchronization/synchronization/blocking_counter.obj
[113/1268] CXX obj/third_party/abseil-cpp/absl/synchronization/synchronization/futex_waiter.obj
[114/1268] CXX obj/third_party/abseil-cpp/absl/synchronization/synchronization/create_thread_identity.obj
[115/1268] CXX obj/third_party/abseil-cpp/absl/synchronization/synchronization/per_thread_sem.obj
[116/1268] CXX obj/third_party/abseil-cpp/absl/synchronization/synchronization/waiter_base.obj
[117/1268] CXX obj/third_party/abseil-cpp/absl/synchronization/synchronization/stdcpp_waiter.obj
[118/1268] CXX obj/third_party/abseil-cpp/absl/synchronization/synchronization/win32_waiter.obj
[119/1268] CXX obj/third_party/abseil-cpp/absl/synchronization/synchronization/notification.obj
[120/1268] CXX obj/third_party/abseil-cpp/absl/time/clock_interface/clock_interface.obj
[121/1268] CXX obj/third_party/abseil-cpp/absl/synchronization/synchronization/mutex.obj
[122/1268] CXX obj/third_party/abseil-cpp/absl/time/time/clock.obj
[123/1268] CXX obj/third_party/abseil-cpp/absl/time/time/civil_time.obj
[124/1268] CXX obj/third_party/abseil-cpp/absl/time/time/format.obj
[125/1268] CXX obj/third_party/abseil-cpp/absl/time/time/duration.obj
[126/1268] CXX obj/third_party/abseil-cpp/absl/time/internal/cctz/civil_time/civil_time_detail.obj
[127/1268] CXX obj/third_party/abseil-cpp/absl/time/time/time.obj
[128/1268] CXX obj/third_party/abseil-cpp/absl/time/internal/cctz/time_zone/time_zone_fixed.obj
[129/1268] CXX obj/third_party/abseil-cpp/absl/time/internal/cctz/time_zone/time_zone_if.obj
[130/1268] CXX obj/third_party/abseil-cpp/absl/time/internal/cctz/time_zone/time_zone_impl.obj
[131/1268] CXX obj/third_party/abseil-cpp/absl/types/source_location/source_location.obj
[132/1268] CXX obj/third_party/abseil-cpp/absl/time/internal/cctz/time_zone/time_zone_posix.obj
[133/1268] CXX obj/third_party/abseil-cpp/absl/time/internal/cctz/time_zone/time_zone_format.obj
[134/1268] CXX obj/third_party/abseil-cpp/absl/time/internal/cctz/time_zone/zone_info_source.obj
[135/1268] CXX obj/third_party/abseil-cpp/absl/time/internal/cctz/time_zone/time_zone_libc.obj
[136/1268] CXX obj/third_party/protobuf/protobuf_lite_library/arena_allocation_policy.obj
[137/1268] CXX obj/third_party/abseil-cpp/absl/time/internal/cctz/time_zone/time_zone_lookup.obj
[138/1268] CXX obj/third_party/abseil-cpp/absl/time/internal/cctz/time_zone/time_zone_name_win.obj
[139/1268] CXX obj/third_party/protobuf/protobuf_lite_library/arenaz_sampler.obj
[140/1268] CXX obj/third_party/abseil-cpp/absl/time/internal/cctz/time_zone/time_zone_info.obj
[141/1268] CXX obj/third_party/protobuf/protobuf_lite_library/arena_align.obj
[142/1268] CXX obj/third_party/protobuf/protobuf_lite_library/arena.obj
[143/1268] CXX obj/third_party/protobuf/protobuf_lite_library/arenastring.obj
[144/1268] CXX obj/third_party/protobuf/protobuf_lite_library/any_lite.obj
[145/1268] CXX obj/third_party/protobuf/protobuf_lite_library/generated_enum_util.obj
[146/1268] CXX obj/third_party/protobuf/protobuf_lite_library/implicit_weak_message.obj
[147/1268] CXX obj/third_party/protobuf/protobuf_lite_library/generated_message_util.obj
[148/1268] CXX obj/third_party/protobuf/protobuf_lite_library/inlined_string_field.obj
[149/1268] CXX obj/third_party/protobuf/protobuf_lite_library/io_win32.obj
[150/1268] CXX obj/third_party/protobuf/protobuf_lite_library/coded_stream.obj
[151/1268] CXX obj/third_party/protobuf/protobuf_lite_library/strtod.obj
[152/1268] CXX obj/third_party/protobuf/protobuf_lite_library/zero_copy_sink.obj
[153/1268] CXX obj/third_party/protobuf/protobuf_lite_library/tokenizer.obj
[154/1268] CXX obj/third_party/protobuf/protobuf_lite_library/zero_copy_stream.obj
[155/1268] CXX obj/third_party/protobuf/protobuf_lite_library/zero_copy_stream_impl.obj
[156/1268] CXX obj/third_party/protobuf/protobuf_lite_library/extension_set.obj
[157/1268] CXX obj/third_party/protobuf/protobuf_lite_library/zero_copy_stream_impl_lite.obj
[158/1268] CXX obj/third_party/protobuf/protobuf_lite_library/printer.obj
[159/1268] CXX obj/third_party/protobuf/protobuf_lite_library/raw_ptr.obj
[160/1268] CXX obj/third_party/protobuf/protobuf_lite_library/micro_string.obj
[161/1268] CXX obj/third_party/protobuf/protobuf_lite_library/generated_message_tctable_lite.obj
[162/1268] CXX obj/third_party/protobuf/protobuf_lite_library/port.obj
[163/1268] CXX obj/third_party/protobuf/protobuf_lite_library/message_lite.obj
[164/1268] CXX obj/third_party/protobuf/protobuf_lite_library/map.obj
[165/1268] CC obj/third_party/protobuf/utf8_range/utf8_range.obj
[166/1268] CXX obj/third_party/protobuf/protobuf_lite_library/repeated_field.obj
[167/1268] CXX obj/third_party/protobuf/protobuf_lite_library/repeated_ptr_field.obj
[168/1268] CXX obj/third_party/protobuf/protobuf_lite_library/type_id.obj
[169/1268] CXX obj/third_party/protobuf/protobuf_lite_library/parse_context.obj
[170/1268] CXX obj/third_party/protobuf/protobuf_lite_library/common.obj
[171/1268] CXX obj/third_party/protobuf/protobuf_lite_library/unknown_field_set_lite.obj
[172/1268] CXX obj/third_party/protobuf/protobuf_lite_library/wire_format_lite.obj
[173/1268] CXX obj/third_party/protobuf/protobuf_full_library/any.obj
[174/1268] CXX obj/third_party/protobuf/protobuf_full_library/cpp_file_options.pb.obj
[175/1268] CXX obj/third_party/protobuf/protobuf_full_library/cpp_features.pb.obj
[176/1268] CXX obj/third_party/protobuf/protobuf_full_library/importer.obj
[177/1268] CXX obj/third_party/protobuf/protobuf_full_library/dynamic_message.obj
[178/1268] CXX obj/third_party/protobuf/protobuf_full_library/generated_message_bases.obj
[179/1268] CXX obj/third_party/protobuf/protobuf_full_library/extension_set_heavy.obj
[180/1268] CXX obj/third_party/protobuf/protobuf_full_library/descriptor.pb.obj
[181/1268] CXX obj/third_party/protobuf/protobuf_full_library/parser.obj
[182/1268] CXX obj/third_party/protobuf/protobuf_full_library/feature_resolver.obj
[183/1268] CXX obj/third_party/protobuf/protobuf_full_library/generated_message_tctable_full.obj
[184/1268] CXX obj/third_party/protobuf/protobuf_full_library/descriptor_database.obj
[185/1268] CXX obj/third_party/protobuf/protobuf_full_library/internal_feature_helper.obj
[186/1268] CXX obj/third_party/protobuf/protobuf_full_library/naming_style.obj
[187/1268] CXX obj/third_party/protobuf/protobuf_full_library/json_enumvalue_options.pb.obj
[188/1268] CXX obj/third_party/protobuf/protobuf_full_library/reflection_mode.obj
[189/1268] CXX obj/third_party/protobuf/protobuf_full_library/generated_message_tctable_gen.obj
[190/1268] CXX obj/third_party/protobuf/protobuf_full_library/map_field.obj
[191/1268] CXX obj/third_party/protobuf/protobuf_full_library/service.obj
[192/1268] CXX obj/third_party/protobuf/protobuf_full_library/reflection_ops.obj
[193/1268] CXX obj/third_party/protobuf/protobuf_full_library/symbol.obj
[194/1268] CXX obj/third_party/protobuf/protobuf_full_library/unknown_field_set.obj
[195/1268] CXX obj/third_party/protobuf/protobuf_full_library/symbol_checker.obj
[196/1268] CXX obj/third_party/protobuf/protobuf_full_library/generated_message_reflection.obj
[197/1268] LIB obj/third_party/protobuf/protobuf_lite_library.lib
[198/1268] CXX obj/third_party/protobuf/protobuf_full_library/message.obj
[199/1268] ACTION //third_party/perfetto/gn:gen_buildflags(//build/toolchain/win:win_clang_x64)
[200/1268] CXX obj/third_party/protobuf/protobuf_full_library/delimited_message_util.obj
[201/1268] CXX obj/third_party/protobuf/protobuf_full_library/field_comparator.obj
[202/1268] CXX obj/third_party/protobuf/protobuf_full_library/text_format.obj
[203/1268] CXX obj/third_party/protobuf/protobuf_full_library/wire_format.obj
[204/1268] CXX obj/third_party/protobuf/protoc_cpp/field_chunk.obj
[205/1268] CXX obj/third_party/protobuf/protoc_cpp/field.obj
[206/1268] CXX obj/third_party/protobuf/protoc_cpp/extension.obj
[207/1268] CXX obj/third_party/protobuf/protobuf_full_library/message_differencer.obj
[208/1268] CXX obj/third_party/protobuf/protoc_cpp/enum.obj
[209/1268] CXX obj/third_party/protobuf/protoc_cpp/cord_field.obj
[210/1268] CXX obj/third_party/protobuf/protobuf_full_library/descriptor.obj
[211/1268] LIB obj/third_party/protobuf/protobuf_full_library.lib
[212/1268] CXX obj/third_party/protobuf/protoc_cpp/enum_field.obj
[213/1268] CXX obj/third_party/protobuf/protoc_cpp/map_field.obj
[214/1268] CXX obj/third_party/protobuf/protoc_cpp/primitive_field.obj
[215/1268] CXX obj/third_party/protobuf/protoc_cpp/message_field.obj
[216/1268] CXX obj/third_party/protobuf/protoc_cpp/field_layout.obj
[217/1268] CXX obj/third_party/protobuf/protoc_cpp/string_field.obj
[218/1268] CXX obj/third_party/protobuf/protoc_cpp/string_view_field.obj
[219/1268] CXX obj/third_party/protobuf/protoc_cpp/ifndef_guard.obj
[220/1268] CXX obj/third_party/protobuf/protoc_cpp/generator.obj
[221/1268] CXX obj/third_party/protobuf/protoc_cpp/namespace_printer.obj
[222/1268] CXX obj/third_party/protobuf/protoc_cpp/message_layout_helper.obj
[223/1268] CXX obj/third_party/protobuf/protoc_cpp/tracker.obj
[224/1268] CXX obj/third_party/protobuf/protoc_cpp/service.obj
[225/1268] CXX obj/third_party/protobuf/protoc_cpp/helpers.obj
[226/1268] CXX obj/third_party/protobuf/protoc_java/context.obj
[227/1268] CXX obj/third_party/protobuf/protoc_cpp/parse_function_generator.obj
[228/1268] CXX obj/third_party/protobuf/protoc_cpp/file.obj
[229/1268] CXX obj/third_party/protobuf/protoc_java/doc_comment.obj
[230/1268] CXX obj/third_party/protobuf/protoc_java/java_features.pb.obj
[231/1268] CXX obj/third_party/protobuf/protoc_java/generator.obj
[232/1268] CXX obj/third_party/protobuf/protoc_java/message_serialization.obj
[233/1268] CXX obj/third_party/protobuf/protoc_java/field_common.obj
[234/1268] CXX obj/third_party/protobuf/protoc_java/helpers.obj
[235/1268] CXX obj/third_party/protobuf/protoc_java/file.obj
[236/1268] CXX obj/third_party/protobuf/protoc_java/internal_helpers.obj
[237/1268] CXX obj/third_party/protobuf/protoc_java/name_resolver.obj
[238/1268] CXX obj/third_party/protobuf/protoc_cpp/message.obj
[239/1268] CXX obj/third_party/protobuf/protoc_java/names.obj
[240/1268] CXX obj/third_party/protobuf/protoc_java/shared_code_generator.obj
[241/1268] CXX obj/third_party/protobuf/protoc_java_full/generator_factory.obj
[242/1268] CXX obj/third_party/protobuf/protoc_java_full/make_field_gens.obj
[243/1268] CXX obj/third_party/protobuf/protoc_java_full/enum.obj
[244/1268] CXX obj/third_party/protobuf/protoc_java_full/extension.obj
[245/1268] CXX obj/third_party/protobuf/protoc_java_full/enum_field.obj
[246/1268] CXX obj/third_party/protobuf/protoc_java_full/map_field.obj
[247/1268] CXX obj/third_party/protobuf/protoc_java_full/message.obj
[248/1268] CXX obj/third_party/protobuf/protoc_java_full/message_builder.obj
[249/1268] CXX obj/third_party/protobuf/protoc_java_full/message_field.obj
[250/1268] CXX obj/third_party/protobuf/protoc_java_full/service.obj
[251/1268] CXX obj/third_party/protobuf/protoc_java_lite/enum.obj
[252/1268] CXX obj/third_party/protobuf/protoc_java_full/primitive_field.obj
[253/1268] CXX obj/third_party/protobuf/protoc_java_lite/enum_field.obj
[254/1268] CXX obj/third_party/protobuf/protoc_java_full/string_field.obj
[255/1268] CXX obj/third_party/protobuf/protoc_java_lite/extension.obj
[256/1268] CXX obj/third_party/protobuf/protoc_java_lite/generator_factory.obj
[257/1268] CXX obj/third_party/protobuf/protoc_java_lite/make_field_gens.obj
[258/1268] CXX obj/third_party/protobuf/protoc_lib/code_generator.obj
[259/1268] CXX obj/third_party/protobuf/protoc_lib/code_generator_lite.obj
[260/1268] CXX obj/third_party/protobuf/protoc_java_lite/message_builder.obj
[261/1268] CXX obj/third_party/protobuf/protoc_java_lite/message_field.obj
[262/1268] CXX obj/third_party/protobuf/protoc_java_lite/map_field.obj
[263/1268] CXX obj/third_party/protobuf/protoc_java_lite/primitive_field.obj
[264/1268] CXX obj/third_party/protobuf/protoc_java_lite/message.obj
[265/1268] CXX obj/third_party/protobuf/protoc_java_lite/string_field.obj
[266/1268] CXX obj/third_party/protobuf/protoc_lib/zip_writer.obj
[267/1268] CXX obj/third_party/protobuf/protoc_lib/plugin.obj
[268/1268] CXX obj/third_party/protobuf/protoc_lib/subprocess.obj
[269/1268] CXX obj/third_party/protobuf/protoc_lib/versions.obj
[270/1268] CXX obj/third_party/protobuf/protoc_lib/plugin.pb.obj
[271/1268] CXX obj/third_party/protobuf/protoc_python/helpers.obj
[272/1268] CXX obj/third_party/protobuf/protoc_lib/retention.obj
[273/1268] CXX obj/third_party/perfetto/src/base/base/base64.obj
[274/1268] CXX obj/third_party/perfetto/src/base/base/android_utils.obj
[275/1268] CXX obj/third_party/perfetto/src/base/base/cpu_info.obj
[276/1268] CXX obj/third_party/perfetto/src/base/base/crash_keys.obj
[277/1268] CXX obj/third_party/perfetto/src/base/base/ctrl_c_handler.obj
[278/1268] CXX obj/third_party/perfetto/src/base/base/dynamic_string_writer.obj
[279/1268] CXX obj/third_party/perfetto/src/base/base/intrusive_list.obj
[280/1268] CXX obj/third_party/perfetto/src/base/base/event_fd.obj
[281/1268] CXX obj/third_party/perfetto/src/base/base/getopt_compat.obj
[282/1268] CXX obj/third_party/perfetto/src/base/base/intrusive_tree.obj
[283/1268] CXX obj/third_party/perfetto/src/base/base/file_utils.obj
[284/1268] CXX obj/third_party/perfetto/src/base/base/paged_memory.obj
[285/1268] CXX obj/third_party/perfetto/src/base/base/logging.obj
[286/1268] CXX obj/third_party/perfetto/src/base/base/metatrace.obj
[287/1268] CXX obj/third_party/perfetto/src/base/base/pipe.obj
[288/1268] CXX obj/third_party/perfetto/src/base/base/periodic_task.obj
[289/1268] CXX obj/third_party/perfetto/src/base/base/rt_mutex.obj
[290/1268] CXX obj/third_party/perfetto/src/base/base/scoped_sched_boost.obj
[291/1268] CXX obj/third_party/perfetto/src/base/base/scoped_mmap.obj
[292/1268] CXX obj/third_party/perfetto/src/base/base/string_splitter.obj
[293/1268] CXX obj/third_party/perfetto/src/base/base/status.obj
[294/1268] CXX obj/third_party/perfetto/src/base/base/string_view.obj
[295/1268] CXX obj/third_party/protobuf/protoc_python/pyi_generator.obj
[296/1268] CXX obj/third_party/perfetto/src/base/base/string_view_splitter.obj
[297/1268] CXX obj/third_party/perfetto/src/base/base/string_utils.obj
[298/1268] CXX obj/third_party/protobuf/protoc_python/generator.obj
[299/1268] CXX obj/third_party/perfetto/src/base/base/thread_checker.obj
[300/1268] CXX obj/third_party/perfetto/src/base/base/temp_file.obj
[301/1268] CXX obj/third_party/perfetto/src/base/base/virtual_destructors.obj
[302/1268] CXX obj/third_party/perfetto/src/base/base/thread_utils.obj
[303/1268] CXX obj/third_party/perfetto/src/base/base/waitable_event.obj
[304/1268] CXX obj/third_party/perfetto/src/base/base/utils.obj
[305/1268] CXX obj/third_party/perfetto/src/base/base/watchdog_posix.obj
[306/1268] CXX obj/third_party/perfetto/src/base/base/time.obj
[307/1268] CXX obj/third_party/perfetto/src/base/base/weak_runner.obj
[308/1268] CXX obj/third_party/perfetto/src/base/base/uuid.obj
[309/1268] CXX obj/third_party/perfetto/src/base/check_cpu_optimizations/check_cpu_optimizations.obj
[310/1268] CXX obj/third_party/perfetto/src/base/perfetto_base_default_platform/default_platform.obj
[311/1268] CXX obj/third_party/perfetto/src/base/base/subprocess_posix.obj
[312/1268] CXX obj/third_party/protobuf/protoc_lib/command_line_interface.obj
[313/1268] CXX obj/third_party/perfetto/src/base/base/subprocess.obj
[314/1268] LIB obj/third_party/protobuf/protoc_lib.lib
[315/1268] CXX obj/third_party/perfetto/src/base/base/thread_task_runner.obj
[316/1268] CXX obj/third_party/perfetto/src/base/base/lock_free_task_runner.obj
[317/1268] CXX obj/third_party/perfetto/src/protozero/protozero/field.obj
[318/1268] CXX obj/third_party/perfetto/src/base/base/unix_task_runner.obj
[319/1268] CXX obj/third_party/perfetto/src/base/base/subprocess_windows.obj
[320/1268] CXX obj/third_party/perfetto/src/protozero/protozero/gen_field_helpers.obj
[321/1268] CXX obj/third_party/perfetto/src/protozero/protozero/message.obj
[322/1268] CXX obj/third_party/perfetto/src/protozero/protozero/message_arena.obj
[323/1268] CXX obj/third_party/perfetto/src/protozero/protozero/packed_repeated_fields.obj
[324/1268] CXX obj/third_party/perfetto/src/protozero/protozero/proto_decoder.obj
[325/1268] CXX obj/third_party/perfetto/src/protozero/protozero/scattered_heap_buffer.obj
[326/1268] CXX obj/third_party/perfetto/src/protozero/protozero/scattered_stream_writer.obj
[327/1268] CXX obj/third_party/perfetto/src/protozero/protozero/scattered_stream_null_delegate.obj
[328/1268] CXX obj/third_party/perfetto/src/base/version/version.obj
[329/1268] CXX obj/third_party/perfetto/src/protozero/protozero/static_buffer.obj
[330/1268] CXX obj/third_party/perfetto/src/protozero/protozero/virtual_destructors.obj
[331/1268] CXX obj/third_party/perfetto/src/android_stats/android_stats/statsd_logging_helper.obj
[332/1268] CC obj/xxhash/xxhash.obj
[333/1268] ACTION //:angle_commit_id(//build/toolchain/win:win_clang_x64)
[334/1268] CXX obj/third_party/perfetto/src/protozero/filtering/bytecode_parser/filter_bytecode_parser.obj
[335/1268] CC obj/third_party/zlib/zlib/adler32.obj
[336/1268] CXX obj/third_party/perfetto/src/protozero/filtering/string_filter/string_filter.obj
[337/1268] CC obj/third_party/zlib/zlib/compress.obj
[338/1268] CXX obj/third_party/perfetto/src/protozero/filtering/message_filter/message_filter.obj
[339/1268] CC obj/third_party/zlib/zlib/crc32.obj
[340/1268] CC obj/third_party/zlib/zlib/gzclose.obj
[341/1268] CC obj/third_party/zlib/zlib/deflate.obj
[342/1268] CC obj/third_party/zlib/zlib/gzlib.obj
[343/1268] CC obj/third_party/zlib/zlib/cpu_features.obj
[344/1268] CXX obj/third_party/perfetto/src/base/regex/regex/regex.obj
[345/1268] CC obj/third_party/zlib/zlib/gzread.obj
[346/1268] CC obj/third_party/zlib/zlib/gzwrite.obj
[347/1268] CC obj/third_party/zlib/zlib/inffast.obj
[348/1268] CC obj/third_party/zlib/zlib/infback.obj
[349/1268] CC obj/third_party/zlib/zlib/inftrees.obj
[350/1268] CC obj/third_party/zlib/zlib/uncompr.obj
[351/1268] CC obj/third_party/zlib/zlib/zutil.obj
[352/1268] CC obj/third_party/zlib/zlib/trees.obj
[353/1268] CC obj/third_party/zlib/zlib_crc32_simd/crc32_simd.obj
[354/1268] CC obj/third_party/zlib/zlib_adler32_simd/adler32_simd.obj
[355/1268] CC obj/third_party/zlib/zlib_data_chunk_simd/inffast_chunk.obj
[356/1268] CXX obj/third_party/astc-encoder/astcenc/astcenc_averages_and_directions.obj
[357/1268] CC obj/third_party/zlib/zlib_crc32_simd/crc_folding.obj
[358/1268] CXX obj/third_party/astc-encoder/astcenc/astcenc_color_quantize.obj
[359/1268] CC obj/third_party/zlib/zlib_data_chunk_simd/inflate.obj
[360/1268] CXX obj/third_party/astc-encoder/astcenc/astcenc_compress_symbolic.obj
[361/1268] CXX obj/third_party/astc-encoder/astcenc/astcenc_compute_variance.obj
[362/1268] CC obj/src/third_party/volk/volk/volk.obj
[363/1268] CXX obj/third_party/astc-encoder/astcenc/astcenc_diagnostic_trace.obj
[364/1268] CXX obj/third_party/astc-encoder/astcenc/astcenc_color_unquantize.obj
[365/1268] CXX obj/third_party/astc-encoder/astcenc/astcenc_find_best_partitioning.obj
[366/1268] CXX obj/third_party/astc-encoder/astcenc/astcenc_ideal_endpoints_and_weights.obj
[367/1268] CXX obj/third_party/protobuf/protoc/main.obj
[368/1268] CXX obj/third_party/astc-encoder/astcenc/astcenc_decompress_symbolic.obj
[369/1268] CXX obj/third_party/astc-encoder/astcenc/astcenc_entry.obj
[370/1268] CXX obj/third_party/astc-encoder/astcenc/astcenc_block_sizes.obj
[371/1268] LINK protoc.exe protoc.exe.pdb
[372/1268] CXX obj/third_party/astc-encoder/astcenc/astcenc_image.obj
[373/1268] CXX obj/third_party/astc-encoder/astcenc/astcenc_mathlib.obj
[374/1268] CXX obj/third_party/astc-encoder/astcenc/astcenc_integer_sequence.obj
[375/1268] CXX obj/third_party/astc-encoder/astcenc/astcenc_mathlib_softfloat.obj
[376/1268] CXX obj/third_party/astc-encoder/astcenc/astcenc_pick_best_endpoint_format.obj
[377/1268] CXX obj/third_party/astc-encoder/astcenc/astcenc_weight_align.obj
[378/1268] CXX obj/third_party/astc-encoder/astcenc/astcenc_partition_tables.obj
[379/1268] CXX obj/third_party/astc-encoder/astcenc/astcenc_percentile_tables.obj
[380/1268] LIB obj/third_party/zlib/zlib.lib
[381/1268] CXX obj/third_party/astc-encoder/astcenc/astcenc_quantization.obj
[382/1268] COPY "C:/Program Files (x86)/Windows Kits/10/Redist/D3D/x64/d3dcompiler_47.dll" d3dcompiler_47.dll
[383/1268] CXX obj/third_party/zlib/google/compression_utils_portable/compression_utils_portable.obj
[384/1268] CXX obj/third_party/astc-encoder/astcenc/astcenc_symbolic_physical.obj
[385/1268] LIB obj/third_party/zlib/google/compression_utils_portable.lib
[386/1268] CXX obj/third_party/astc-encoder/astcenc/astcenc_weight_quant_xfer_tables.obj
[387/1268] CXX obj/libEGL_egl_loader/egl_loader_autogen.obj
[388/1268] CXX obj/third_party/perfetto/src/protozero/protoc_plugin/cppgen_plugin/cppgen_plugin.obj
[389/1268] LINK cppgen_plugin.exe cppgen_plugin.exe.pdb
[390/1268] ACTION //third_party/perfetto/protos/perfetto/common:semantic_type_cpp_gen(//build/toolchain/win:win_clang_x64)
[391/1268] ACTION //third_party/perfetto/protos/perfetto/protovm:cpp_gen(//build/toolchain/win:win_clang_x64)
[392/1268] ACTION //third_party/perfetto/protos/perfetto/config/linux:cpp_gen(//build/toolchain/win:win_clang_x64)
[393/1268] ACTION //third_party/perfetto/protos/perfetto/config/inode_file:cpp_gen(//build/toolchain/win:win_clang_x64)
[394/1268] ACTION //third_party/perfetto/protos/perfetto/config/ftrace:cpp_gen(//build/toolchain/win:win_clang_x64)
[395/1268] ACTION //third_party/perfetto/protos/perfetto/config/gpu:cpp_gen(//build/toolchain/win:win_clang_x64)
[396/1268] CXX obj/third_party/perfetto/src/protozero/protoc_plugin/protozero_plugin/protozero_plugin.obj
[397/1268] ACTION //third_party/perfetto/protos/perfetto/config/power:cpp_gen(//build/toolchain/win:win_clang_x64)
[398/1268] ACTION //third_party/perfetto/protos/perfetto/config/priority_boost:cpp_gen(//build/toolchain/win:win_clang_x64)
[399/1268] ACTION //third_party/perfetto/protos/perfetto/config/process_stats:cpp_gen(//build/toolchain/win:win_clang_x64)
[400/1268] ACTION //third_party/perfetto/protos/perfetto/config/protovm:cpp_gen(//build/toolchain/win:win_clang_x64)
[401/1268] ACTION //third_party/perfetto/protos/perfetto/config/statsd:cpp_gen(//build/toolchain/win:win_clang_x64)
[402/1268] ACTION //third_party/perfetto/protos/perfetto/config/system_info:cpp_gen(//build/toolchain/win:win_clang_x64)
[403/1268] ACTION //third_party/perfetto/protos/perfetto/config/track_event:cpp_gen(//build/toolchain/win:win_clang_x64)
[404/1268] LINK protozero_plugin.exe protozero_plugin.exe.pdb
[405/1268] CXX obj/third_party/perfetto/protos/perfetto/common/semantic_type_cpp/semantic_type.gen.obj
[406/1268] CXX obj/third_party/perfetto/protos/perfetto/config/ftrace/cpp/frozen_ftrace_config.gen.obj
[407/1268] CXX obj/third_party/perfetto/protos/perfetto/config/gpu/cpp/gpu_renderstages_config.gen.obj
[408/1268] ACTION //third_party/perfetto/protos/perfetto/common:semantic_type_zero_gen(//build/toolchain/win:win_clang_x64)
[409/1268] CXX obj/third_party/perfetto/protos/perfetto/protovm/cpp/vm_program.gen.obj
[410/1268] ACTION //third_party/perfetto/protos/perfetto/common:zero_gen(//build/toolchain/win:win_clang_x64)
[411/1268] LIB obj/third_party/perfetto/protos/perfetto/protovm/cpp.lib
[412/1268] ACTION //third_party/perfetto/protos/perfetto/config/ftrace:zero_gen(//build/toolchain/win:win_clang_x64)
[413/1268] ACTION //third_party/perfetto/protos/perfetto/config/android:zero_gen(//build/toolchain/win:win_clang_x64)
[414/1268] ACTION //third_party/perfetto/protos/perfetto/protovm:zero_gen(//build/toolchain/win:win_clang_x64)
[415/1268] CXX obj/third_party/perfetto/protos/perfetto/protovm/zero/vm_program.pbzero.obj
[416/1268] ACTION //third_party/perfetto/protos/perfetto/config/gpu:zero_gen(//build/toolchain/win:win_clang_x64)
[417/1268] ACTION //third_party/perfetto/protos/perfetto/config/inode_file:zero_gen(//build/toolchain/win:win_clang_x64)
[418/1268] CXX obj/third_party/perfetto/protos/perfetto/config/gpu/cpp/gpu_counter_config.gen.obj
[419/1268] CXX obj/third_party/perfetto/protos/perfetto/common/zero/android_energy_consumer_descriptor.pbzero.obj
[420/1268] CXX obj/third_party/perfetto/protos/perfetto/common/zero/android_log_constants.pbzero.obj
[421/1268] ACTION //third_party/perfetto/protos/perfetto/config/interceptors:zero_gen(//build/toolchain/win:win_clang_x64)
[422/1268] CXX obj/third_party/perfetto/protos/perfetto/common/zero/builtin_clock.pbzero.obj
[423/1268] CXX obj/third_party/perfetto/protos/perfetto/common/zero/data_source_descriptor.pbzero.obj
[424/1268] ACTION //third_party/perfetto/protos/perfetto/common:cpp_gen(//build/toolchain/win:win_clang_x64)
[425/1268] CXX obj/third_party/perfetto/protos/perfetto/common/zero/descriptor.pbzero.obj
[426/1268] CXX obj/third_party/perfetto/protos/perfetto/common/zero/ftrace_descriptor.pbzero.obj
[427/1268] CXX obj/third_party/perfetto/protos/perfetto/common/zero/gpu_counter_descriptor.pbzero.obj
[428/1268] CXX obj/third_party/perfetto/protos/perfetto/common/zero/commit_data_request.pbzero.obj
[429/1268] CXX obj/third_party/perfetto/protos/perfetto/common/zero/interceptor_descriptor.pbzero.obj
[430/1268] CXX obj/third_party/perfetto/protos/perfetto/config/ftrace/cpp/ftrace_config.gen.obj
[431/1268] CXX obj/third_party/perfetto/protos/perfetto/common/cpp/builtin_clock.gen.obj
[432/1268] CXX obj/third_party/perfetto/protos/perfetto/common/cpp/android_log_constants.gen.obj
[433/1268] CXX obj/third_party/perfetto/protos/perfetto/common/cpp/data_source_descriptor.gen.obj
[434/1268] CXX obj/third_party/perfetto/protos/perfetto/common/cpp/android_energy_consumer_descriptor.gen.obj
[435/1268] CXX obj/third_party/perfetto/protos/perfetto/common/cpp/ftrace_descriptor.gen.obj
[436/1268] CXX obj/third_party/perfetto/protos/perfetto/common/cpp/commit_data_request.gen.obj
[437/1268] CXX obj/third_party/perfetto/protos/perfetto/common/cpp/interceptor_descriptor.gen.obj
[438/1268] CXX obj/third_party/perfetto/protos/perfetto/common/cpp/sys_stats_counters.gen.obj
[439/1268] CXX obj/third_party/perfetto/protos/perfetto/common/cpp/observable_events.gen.obj
[440/1268] CXX obj/third_party/perfetto/protos/perfetto/common/cpp/perf_events.gen.obj
[441/1268] CXX obj/third_party/perfetto/protos/perfetto/common/cpp/descriptor.gen.obj
[442/1268] CXX obj/third_party/perfetto/protos/perfetto/common/cpp/gpu_counter_descriptor.gen.obj
[443/1268] CXX obj/third_party/perfetto/protos/perfetto/common/cpp/system_info.gen.obj
[444/1268] CXX obj/third_party/perfetto/protos/perfetto/common/zero/observable_events.pbzero.obj
[445/1268] CXX obj/third_party/perfetto/protos/perfetto/common/zero/perf_events.pbzero.obj
[446/1268] CXX obj/third_party/perfetto/protos/perfetto/common/zero/sys_stats_counters.pbzero.obj
[447/1268] CXX obj/third_party/perfetto/protos/perfetto/common/zero/system_info.pbzero.obj
[448/1268] CXX obj/third_party/perfetto/protos/perfetto/common/zero/trace_attributes.pbzero.obj
[449/1268] CXX obj/third_party/perfetto/protos/perfetto/common/zero/trace_stats.pbzero.obj
[450/1268] CXX obj/third_party/perfetto/protos/perfetto/common/zero/tracing_service_capabilities.pbzero.obj
[451/1268] CXX obj/third_party/perfetto/protos/perfetto/common/zero/tracing_service_state.pbzero.obj
[452/1268] CXX obj/third_party/perfetto/protos/perfetto/common/zero/track_event_descriptor.pbzero.obj
[453/1268] ACTION //third_party/perfetto/protos/perfetto/config/linux:zero_gen(//build/toolchain/win:win_clang_x64)
[454/1268] ACTION //third_party/perfetto/protos/perfetto/config/power:zero_gen(//build/toolchain/win:win_clang_x64)
[455/1268] ACTION //third_party/perfetto/protos/perfetto/config/priority_boost:zero_gen(//build/toolchain/win:win_clang_x64)
[456/1268] ACTION //third_party/perfetto/protos/perfetto/config/process_stats:zero_gen(//build/toolchain/win:win_clang_x64)
[457/1268] CXX obj/third_party/perfetto/protos/perfetto/common/cpp/trace_attributes.gen.obj
[458/1268] ACTION //third_party/perfetto/protos/perfetto/config/protovm:zero_gen(//build/toolchain/win:win_clang_x64)
[459/1268] ACTION //third_party/perfetto/protos/perfetto/config/qnx:zero_gen(//build/toolchain/win:win_clang_x64)
[460/1268] ACTION //third_party/perfetto/protos/perfetto/config/profiling:zero_gen(//build/toolchain/win:win_clang_x64)
[461/1268] ACTION //third_party/perfetto/protos/perfetto/config/statsd:zero_gen(//build/toolchain/win:win_clang_x64)
[462/1268] ACTION //third_party/perfetto/protos/perfetto/config/sys_stats:zero_gen(//build/toolchain/win:win_clang_x64)
[463/1268] CXX obj/third_party/perfetto/protos/perfetto/common/cpp/tracing_service_capabilities.gen.obj
[464/1268] ACTION //third_party/perfetto/protos/perfetto/config/system_info:zero_gen(//build/toolchain/win:win_clang_x64)
[465/1268] LIB obj/third_party/perfetto/protos/perfetto/protovm/zero.lib
[466/1268] CXX obj/third_party/perfetto/protos/perfetto/common/semantic_type_zero/semantic_type.pbzero.obj
[467/1268] LIB obj/third_party/perfetto/protos/perfetto/common/zero.lib
[468/1268] ACTION //third_party/perfetto/protos/perfetto/config/track_event:zero_gen(//build/toolchain/win:win_clang_x64)
[469/1268] CXX obj/third_party/perfetto/protos/perfetto/config/android/zero/android_aflags_config.pbzero.obj
[470/1268] ACTION //third_party/perfetto/protos/perfetto/trace/profiling:inline_callstack_zero_gen(//build/toolchain/win:win_clang_x64)
[471/1268] CXX obj/third_party/perfetto/protos/perfetto/config/android/zero/android_game_intervention_list_config.pbzero.obj
[472/1268] CXX obj/third_party/perfetto/protos/perfetto/config/android/zero/android_input_event_config.pbzero.obj
[473/1268] CXX obj/third_party/perfetto/protos/perfetto/config/android/zero/android_log_config.pbzero.obj
[474/1268] CXX obj/third_party/perfetto/protos/perfetto/config/android/zero/android_polled_state_config.pbzero.obj
[475/1268] CXX obj/third_party/perfetto/protos/perfetto/common/cpp/trace_stats.gen.obj
[476/1268] CXX obj/third_party/perfetto/protos/perfetto/config/android/zero/android_sdk_sysprop_guard_config.pbzero.obj
[477/1268] CXX obj/third_party/perfetto/protos/perfetto/config/android/zero/android_system_property_config.pbzero.obj
[478/1268] CXX obj/third_party/perfetto/protos/perfetto/config/android/zero/app_wakelock_config.pbzero.obj
[479/1268] CXX obj/third_party/perfetto/protos/perfetto/common/cpp/track_event_descriptor.gen.obj
[480/1268] CXX obj/third_party/perfetto/protos/perfetto/config/android/zero/cpu_per_uid_config.pbzero.obj
[481/1268] CXX obj/third_party/perfetto/protos/perfetto/config/android/zero/display_video_config.pbzero.obj
[482/1268] CXX obj/third_party/perfetto/protos/perfetto/config/android/zero/inputmethod_config.pbzero.obj
[483/1268] CXX obj/third_party/perfetto/protos/perfetto/config/android/zero/kernel_wakelocks_config.pbzero.obj
[484/1268] CXX obj/third_party/perfetto/protos/perfetto/config/android/zero/network_trace_config.pbzero.obj
[485/1268] CXX obj/third_party/perfetto/protos/perfetto/config/android/zero/packages_list_config.pbzero.obj
[486/1268] CXX obj/third_party/perfetto/protos/perfetto/config/android/zero/pixel_modem_config.pbzero.obj
[487/1268] CXX obj/third_party/perfetto/protos/perfetto/config/android/zero/protolog_config.pbzero.obj
[488/1268] CXX obj/third_party/perfetto/protos/perfetto/config/android/zero/surfaceflinger_layers_config.pbzero.obj
[489/1268] CXX obj/third_party/perfetto/protos/perfetto/config/android/zero/surfaceflinger_transactions_config.pbzero.obj
[490/1268] CXX obj/third_party/perfetto/protos/perfetto/config/android/zero/user_list_config.pbzero.obj
[491/1268] CXX obj/third_party/perfetto/protos/perfetto/config/android/zero/windowmanager_config.pbzero.obj
[492/1268] CXX obj/third_party/perfetto/protos/perfetto/config/ftrace/zero/frozen_ftrace_config.pbzero.obj
[493/1268] CXX obj/third_party/perfetto/protos/perfetto/config/ftrace/zero/ftrace_config.pbzero.obj
[494/1268] ACTION //third_party/perfetto/protos/perfetto/config:zero_gen(//build/toolchain/win:win_clang_x64)
[495/1268] CXX obj/third_party/perfetto/protos/perfetto/config/gpu/zero/gpu_counter_config.pbzero.obj
[496/1268] CXX obj/third_party/perfetto/protos/perfetto/common/cpp/tracing_service_state.gen.obj
[497/1268] CXX obj/third_party/perfetto/protos/perfetto/config/gpu/zero/gpu_renderstages_config.pbzero.obj
[498/1268] CXX obj/third_party/perfetto/protos/perfetto/config/gpu/zero/vulkan_memory_config.pbzero.obj
[499/1268] CXX obj/third_party/perfetto/protos/perfetto/config/inode_file/zero/inode_file_config.pbzero.obj
[500/1268] CXX obj/third_party/perfetto/protos/perfetto/config/interceptors/zero/console_config.pbzero.obj
[501/1268] LIB obj/third_party/perfetto/protos/perfetto/common/cpp.lib
[502/1268] CXX obj/third_party/perfetto/protos/perfetto/config/linux/zero/journald_config.pbzero.obj
[503/1268] CXX obj/third_party/perfetto/protos/perfetto/config/power/zero/android_power_config.pbzero.obj
[504/1268] CXX obj/third_party/perfetto/protos/perfetto/config/priority_boost/zero/priority_boost_config.pbzero.obj
[505/1268] CXX obj/third_party/perfetto/protos/perfetto/config/process_stats/zero/process_stats_config.pbzero.obj
[506/1268] CXX obj/third_party/perfetto/protos/perfetto/config/profiling/zero/heapprofd_config.pbzero.obj
[507/1268] CXX obj/third_party/perfetto/protos/perfetto/config/profiling/zero/java_hprof_config.pbzero.obj
[508/1268] CXX obj/third_party/perfetto/protos/perfetto/config/profiling/zero/perf_event_config.pbzero.obj
[509/1268] CXX obj/third_party/perfetto/protos/perfetto/config/profiling/zero/smaps_config.pbzero.obj
[510/1268] CXX obj/third_party/perfetto/protos/perfetto/config/gpu/cpp/vulkan_memory_config.gen.obj
[511/1268] CXX obj/third_party/perfetto/protos/perfetto/config/protovm/zero/protovm_config.pbzero.obj
[512/1268] CXX obj/third_party/perfetto/protos/perfetto/config/qnx/zero/qnx_config.pbzero.obj
[513/1268] CXX obj/third_party/perfetto/protos/perfetto/config/priority_boost/cpp/priority_boost_config.gen.obj
[514/1268] CXX obj/third_party/perfetto/protos/perfetto/config/linux/cpp/journald_config.gen.obj
[515/1268] CXX obj/third_party/perfetto/protos/perfetto/config/power/cpp/android_power_config.gen.obj
[516/1268] CXX obj/third_party/perfetto/protos/perfetto/config/process_stats/cpp/process_stats_config.gen.obj
[517/1268] CXX obj/third_party/perfetto/protos/perfetto/config/statsd/zero/atom_ids.pbzero.obj
[518/1268] CXX obj/third_party/perfetto/protos/perfetto/config/inode_file/cpp/inode_file_config.gen.obj
[519/1268] CXX obj/third_party/perfetto/protos/perfetto/config/statsd/zero/statsd_tracing_config.pbzero.obj
[520/1268] CXX obj/third_party/perfetto/protos/perfetto/config/sys_stats/zero/sys_stats_config.pbzero.obj
[521/1268] CXX obj/third_party/perfetto/protos/perfetto/config/system_info/zero/system_info_config.pbzero.obj
[522/1268] CXX obj/third_party/perfetto/protos/perfetto/config/track_event/zero/track_event_config.pbzero.obj
[523/1268] CXX obj/third_party/perfetto/protos/perfetto/config/protovm/cpp/protovm_config.gen.obj
[524/1268] ACTION //third_party/perfetto/protos/perfetto/trace/chrome:zero_gen(//build/toolchain/win:win_clang_x64)
[525/1268] ACTION //third_party/perfetto/protos/perfetto/trace/android:zero_gen(//build/toolchain/win:win_clang_x64)
[526/1268] ACTION //third_party/perfetto/protos/perfetto/trace/gpu:zero_gen(//build/toolchain/win:win_clang_x64)
[527/1268] ACTION //third_party/perfetto/protos/perfetto/config/android:cpp_gen(//build/toolchain/win:win_clang_x64)
[528/1268] ACTION //third_party/perfetto/protos/perfetto/config/interceptors:cpp_gen(//build/toolchain/win:win_clang_x64)
[529/1268] ACTION //third_party/perfetto/protos/perfetto/config/profiling:cpp_gen(//build/toolchain/win:win_clang_x64)
[530/1268] ACTION //third_party/perfetto/protos/perfetto/config/qnx:cpp_gen(//build/toolchain/win:win_clang_x64)
[531/1268] ACTION //third_party/perfetto/protos/perfetto/config/sys_stats:cpp_gen(//build/toolchain/win:win_clang_x64)
[532/1268] CXX obj/third_party/perfetto/protos/perfetto/config/statsd/cpp/atom_ids.gen.obj
[533/1268] CXX obj/third_party/perfetto/protos/perfetto/config/system_info/cpp/system_info_config.gen.obj
[534/1268] CXX obj/third_party/perfetto/protos/perfetto/config/track_event/cpp/track_event_config.gen.obj
[535/1268] CXX obj/third_party/perfetto/protos/perfetto/config/statsd/cpp/statsd_tracing_config.gen.obj
[536/1268] CXX obj/third_party/perfetto/protos/perfetto/config/android/cpp/android_aflags_config.gen.obj
[537/1268] CXX obj/third_party/perfetto/protos/perfetto/config/android/cpp/android_game_intervention_list_config.gen.obj
[538/1268] CXX obj/third_party/perfetto/protos/perfetto/config/android/cpp/android_input_event_config.gen.obj
[539/1268] CXX obj/third_party/perfetto/protos/perfetto/config/android/cpp/android_polled_state_config.gen.obj
[540/1268] CXX obj/third_party/perfetto/protos/perfetto/config/android/cpp/android_log_config.gen.obj
[541/1268] CXX obj/third_party/perfetto/protos/perfetto/config/android/cpp/android_sdk_sysprop_guard_config.gen.obj
[542/1268] CXX obj/third_party/perfetto/protos/perfetto/config/android/cpp/android_system_property_config.gen.obj
[543/1268] CXX obj/third_party/perfetto/protos/perfetto/config/android/cpp/app_wakelock_config.gen.obj
[544/1268] CXX obj/third_party/perfetto/protos/perfetto/config/android/cpp/cpu_per_uid_config.gen.obj
[545/1268] CXX obj/third_party/perfetto/protos/perfetto/config/android/cpp/display_video_config.gen.obj
[546/1268] CXX obj/third_party/perfetto/protos/perfetto/config/android/cpp/kernel_wakelocks_config.gen.obj
[547/1268] CXX obj/third_party/perfetto/protos/perfetto/config/android/cpp/inputmethod_config.gen.obj
[548/1268] ACTION //:angle_program_version_id(//build/toolchain/win:win_clang_x64)
[549/1268] CXX obj/third_party/perfetto/protos/perfetto/config/android/cpp/network_trace_config.gen.obj
[550/1268] CXX obj/third_party/perfetto/protos/perfetto/config/android/cpp/packages_list_config.gen.obj
[551/1268] CXX obj/third_party/perfetto/protos/perfetto/config/android/cpp/pixel_modem_config.gen.obj
[552/1268] CXX obj/third_party/perfetto/protos/perfetto/config/android/cpp/surfaceflinger_transactions_config.gen.obj
[553/1268] CXX obj/third_party/perfetto/protos/perfetto/config/android/cpp/protolog_config.gen.obj
[554/1268] CXX obj/third_party/perfetto/protos/perfetto/config/android/cpp/surfaceflinger_layers_config.gen.obj
[555/1268] CXX obj/third_party/perfetto/protos/perfetto/config/android/cpp/user_list_config.gen.obj
[556/1268] CXX obj/third_party/perfetto/protos/perfetto/config/android/cpp/windowmanager_config.gen.obj
[557/1268] CXX obj/third_party/perfetto/protos/perfetto/trace/profiling/inline_callstack_zero/inline_callstack.pbzero.obj
[558/1268] CXX obj/third_party/perfetto/protos/perfetto/config/interceptors/cpp/console_config.gen.obj
[559/1268] ACTION //third_party/perfetto/protos/perfetto/trace/profiling:zero_gen(//build/toolchain/win:win_clang_x64)
[560/1268] LIB obj/third_party/perfetto/protos/perfetto/common/semantic_type_cpp.lib
[561/1268] LIB obj/third_party/perfetto/protos/perfetto/common/semantic_type_zero.lib
[562/1268] CXX obj/third_party/perfetto/protos/perfetto/config/zero/chrome_config.pbzero.obj
[563/1268] CXX obj/third_party/perfetto/protos/perfetto/config/zero/histogram_samples.pbzero.obj
[564/1268] CXX obj/third_party/perfetto/protos/perfetto/config/zero/scenario_config.pbzero.obj
[565/1268] CXX obj/third_party/perfetto/protos/perfetto/config/zero/system_metrics.pbzero.obj
[566/1268] CXX obj/third_party/perfetto/protos/perfetto/config/profiling/cpp/heapprofd_config.gen.obj
[567/1268] CXX obj/third_party/perfetto/protos/perfetto/config/zero/v8_config.pbzero.obj
[568/1268] CXX obj/third_party/perfetto/protos/perfetto/config/zero/data_source_config.pbzero.obj
[569/1268] CXX obj/third_party/perfetto/protos/perfetto/config/zero/etw_config.pbzero.obj
[570/1268] CXX obj/third_party/perfetto/protos/perfetto/config/zero/interceptor_config.pbzero.obj
[571/1268] CXX obj/third_party/perfetto/protos/perfetto/config/zero/stress_test_config.pbzero.obj
[572/1268] CXX obj/third_party/perfetto/protos/perfetto/config/zero/test_config.pbzero.obj
[573/1268] ACTION //third_party/perfetto/protos/perfetto/trace/track_event:zero_gen(//build/toolchain/win:win_clang_x64)
[574/1268] CXX obj/third_party/perfetto/protos/perfetto/config/profiling/cpp/java_hprof_config.gen.obj
[575/1268] CXX obj/third_party/perfetto/protos/perfetto/config/zero/trace_config.pbzero.obj
[576/1268] LIB obj/third_party/perfetto/protos/perfetto/config/android/cpp.lib
[577/1268] LIB obj/third_party/perfetto/protos/perfetto/config/android/zero.lib
[578/1268] LIB obj/third_party/perfetto/protos/perfetto/config/ftrace/cpp.lib
[579/1268] LIB obj/third_party/perfetto/protos/perfetto/config/ftrace/zero.lib
[580/1268] LIB obj/third_party/perfetto/protos/perfetto/config/gpu/cpp.lib
[581/1268] LIB obj/third_party/perfetto/protos/perfetto/config/gpu/zero.lib
[582/1268] LIB obj/third_party/perfetto/protos/perfetto/config/inode_file/cpp.lib
[583/1268] LIB obj/third_party/perfetto/protos/perfetto/config/inode_file/zero.lib
[584/1268] LIB obj/third_party/perfetto/protos/perfetto/config/interceptors/cpp.lib
[585/1268] LIB obj/third_party/perfetto/protos/perfetto/config/interceptors/zero.lib
[586/1268] LIB obj/third_party/perfetto/protos/perfetto/config/linux/cpp.lib
[587/1268] LIB obj/third_party/perfetto/protos/perfetto/config/linux/zero.lib
[588/1268] LIB obj/third_party/perfetto/protos/perfetto/config/power/cpp.lib
[589/1268] LIB obj/third_party/perfetto/protos/perfetto/config/power/zero.lib
[590/1268] LIB obj/third_party/perfetto/protos/perfetto/config/priority_boost/cpp.lib
[591/1268] LIB obj/third_party/perfetto/protos/perfetto/config/priority_boost/zero.lib
[592/1268] LIB obj/third_party/perfetto/protos/perfetto/config/process_stats/cpp.lib
[593/1268] LIB obj/third_party/perfetto/protos/perfetto/config/process_stats/zero.lib
[594/1268] LIB obj/third_party/perfetto/protos/perfetto/config/profiling/zero.lib
[595/1268] LIB obj/third_party/perfetto/protos/perfetto/config/protovm/cpp.lib
[596/1268] CXX obj/third_party/perfetto/protos/perfetto/config/qnx/cpp/qnx_config.gen.obj
[597/1268] LIB obj/third_party/perfetto/protos/perfetto/config/protovm/zero.lib
[598/1268] LIB obj/third_party/perfetto/protos/perfetto/config/qnx/zero.lib
[599/1268] LIB obj/third_party/perfetto/protos/perfetto/config/statsd/cpp.lib
[600/1268] LIB obj/third_party/perfetto/protos/perfetto/config/statsd/zero.lib
[601/1268] CXX obj/third_party/perfetto/protos/perfetto/config/profiling/cpp/smaps_config.gen.obj
[602/1268] LIB obj/third_party/perfetto/protos/perfetto/config/qnx/cpp.lib
[603/1268] LIB obj/third_party/perfetto/protos/perfetto/config/sys_stats/zero.lib
[604/1268] LIB obj/third_party/perfetto/protos/perfetto/config/system_info/cpp.lib
[605/1268] LIB obj/third_party/perfetto/protos/perfetto/config/system_info/zero.lib
[606/1268] LIB obj/third_party/perfetto/protos/perfetto/config/track_event/cpp.lib
[607/1268] LIB obj/third_party/perfetto/protos/perfetto/config/track_event/zero.lib
[608/1268] CXX obj/third_party/perfetto/protos/perfetto/trace/android/zero/android_aflags.pbzero.obj
[609/1268] CXX obj/third_party/perfetto/protos/perfetto/trace/android/zero/android_game_intervention_list.pbzero.obj
[610/1268] CXX obj/third_party/perfetto/protos/perfetto/trace/android/zero/android_log.pbzero.obj
[611/1268] CXX obj/third_party/perfetto/protos/perfetto/config/sys_stats/cpp/sys_stats_config.gen.obj
[612/1268] CXX obj/third_party/perfetto/protos/perfetto/trace/android/zero/android_system_property.pbzero.obj
[613/1268] CXX obj/third_party/perfetto/protos/perfetto/trace/android/zero/kernel_wakelock_data.pbzero.obj
[614/1268] LIB obj/third_party/perfetto/protos/perfetto/config/sys_stats/cpp.lib
[615/1268] CXX obj/third_party/perfetto/protos/perfetto/trace/android/zero/cpu_per_uid_data.pbzero.obj
[616/1268] CXX obj/third_party/perfetto/protos/perfetto/trace/android/zero/graphics_frame_event.pbzero.obj
[617/1268] CXX obj/third_party/perfetto/protos/perfetto/trace/android/zero/initial_display_state.pbzero.obj
[618/1268] CXX obj/third_party/perfetto/protos/perfetto/trace/android/zero/pixel_modem_events.pbzero.obj
[619/1268] CXX obj/third_party/perfetto/protos/perfetto/trace/android/zero/user_list.pbzero.obj
[620/1268] CXX obj/third_party/perfetto/protos/perfetto/trace/chrome/zero/chrome_benchmark_metadata.pbzero.obj
[621/1268] CXX obj/third_party/perfetto/protos/perfetto/trace/chrome/zero/chrome_metadata.pbzero.obj
[622/1268] CXX obj/third_party/perfetto/protos/perfetto/trace/android/zero/packages_list.pbzero.obj
[623/1268] CXX obj/third_party/perfetto/protos/perfetto/trace/chrome/zero/chrome_trace_event.pbzero.obj
[624/1268] CXX obj/third_party/perfetto/protos/perfetto/config/profiling/cpp/perf_event_config.gen.obj
[625/1268] ACTION //third_party/perfetto/protos/perfetto/trace:minimal_zero_gen(//build/toolchain/win:win_clang_x64)
[626/1268] CXX obj/third_party/perfetto/protos/perfetto/trace/chrome/zero/chrome_trigger.pbzero.obj
[627/1268] CXX obj/third_party/perfetto/protos/perfetto/trace/chrome/zero/v8.pbzero.obj
[628/1268] LIB obj/third_party/perfetto/protos/perfetto/config/profiling/cpp.lib
[629/1268] CXX obj/third_party/perfetto/protos/perfetto/trace/gpu/zero/gpu_counter_event.pbzero.obj
[630/1268] CXX obj/third_party/perfetto/protos/perfetto/trace/gpu/zero/gpu_log.pbzero.obj
[631/1268] CXX obj/third_party/perfetto/protos/perfetto/trace/gpu/zero/gpu_mem_event.pbzero.obj
[632/1268] CXX obj/third_party/perfetto/protos/perfetto/trace/gpu/zero/gpu_render_stage_event.pbzero.obj
[633/1268] ACTION //third_party/perfetto/protos/perfetto/trace/filesystem:zero_gen(//build/toolchain/win:win_clang_x64)
[634/1268] CXX obj/third_party/perfetto/protos/perfetto/trace/gpu/zero/vulkan_api_event.pbzero.obj
[635/1268] CXX obj/third_party/perfetto/protos/perfetto/trace/gpu/zero/vulkan_memory_event.pbzero.obj
[636/1268] ACTION //third_party/perfetto/protos/perfetto/trace/etw:zero_gen(//build/toolchain/win:win_clang_x64)
[637/1268] ACTION //third_party/perfetto/protos/perfetto/trace/generic_kernel:zero_gen(//build/toolchain/win:win_clang_x64)
[638/1268] LIB obj/third_party/perfetto/protos/perfetto/trace/profiling/inline_callstack_zero.lib
[639/1268] CXX obj/third_party/perfetto/protos/perfetto/trace/profiling/zero/art_process_metadata.pbzero.obj
[640/1268] CXX obj/third_party/perfetto/protos/perfetto/trace/profiling/zero/deobfuscation.pbzero.obj
[641/1268] CXX obj/third_party/perfetto/protos/perfetto/trace/profiling/zero/profile_common.pbzero.obj
[642/1268] ACTION //third_party/perfetto/protos/perfetto/trace/linux:zero_gen(//build/toolchain/win:win_clang_x64)
[643/1268] CXX obj/third_party/perfetto/protos/perfetto/trace/profiling/zero/profile_packet.pbzero.obj
[644/1268] CXX obj/third_party/perfetto/protos/perfetto/trace/profiling/zero/smaps.pbzero.obj
[645/1268] ACTION //third_party/perfetto/protos/perfetto/trace/interned_data:zero_gen(//build/toolchain/win:win_clang_x64)
[646/1268] CXX obj/third_party/perfetto/protos/perfetto/trace/profiling/zero/stack_sample.pbzero.obj
[647/1268] ACTION //third_party/perfetto/protos/perfetto/trace/perfetto:zero_gen(//build/toolchain/win:win_clang_x64)
[648/1268] ACTION //third_party/perfetto/protos/perfetto/trace/power:zero_gen(//build/toolchain/win:win_clang_x64)
[649/1268] CXX obj/third_party/perfetto/protos/perfetto/trace/track_event/zero/chrome_active_processes.pbzero.obj
[650/1268] CXX obj/third_party/perfetto/protos/perfetto/trace/track_event/zero/chrome_application_state_info.pbzero.obj
[651/1268] CXX obj/third_party/perfetto/protos/perfetto/trace/track_event/zero/chrome_compositor_scheduler_state.pbzero.obj
[652/1268] CXX obj/third_party/perfetto/protos/perfetto/trace/track_event/zero/chrome_content_settings_event_info.pbzero.obj
[653/1268] CXX obj/third_party/perfetto/protos/perfetto/trace/track_event/zero/chrome_frame_reporter.pbzero.obj
[654/1268] ACTION //third_party/perfetto/protos/perfetto/trace/statsd:zero_gen(//build/toolchain/win:win_clang_x64)
[655/1268] CXX obj/third_party/perfetto/protos/perfetto/trace/track_event/zero/chrome_histogram_sample.pbzero.obj
[656/1268] ACTION //third_party/perfetto/protos/perfetto/trace/ps:zero_gen(//build/toolchain/win:win_clang_x64)
[657/1268] ACTION //third_party/perfetto/protos/perfetto/trace/sys_stats:zero_gen(//build/toolchain/win:win_clang_x64)
[658/1268] CXX obj/third_party/perfetto/protos/perfetto/trace/track_event/zero/chrome_keyed_service.pbzero.obj
[659/1268] CXX obj/third_party/perfetto/protos/perfetto/trace/track_event/zero/chrome_latency_info.pbzero.obj
[660/1268] CXX obj/third_party/perfetto/protos/perfetto/trace/track_event/zero/chrome_legacy_ipc.pbzero.obj
[661/1268] ACTION //third_party/perfetto/protos/perfetto/trace/system_info:zero_gen(//build/toolchain/win:win_clang_x64)
[662/1268] CXX obj/third_party/perfetto/protos/perfetto/trace/track_event/zero/chrome_message_pump.pbzero.obj
[663/1268] CXX obj/third_party/perfetto/protos/perfetto/trace/track_event/zero/chrome_mojo_event_info.pbzero.obj
[664/1268] CXX obj/third_party/perfetto/protos/perfetto/trace/track_event/zero/chrome_process_descriptor.pbzero.obj
[665/1268] CXX obj/third_party/perfetto/protos/perfetto/trace/track_event/zero/chrome_renderer_scheduler_state.pbzero.obj
[666/1268] CXX obj/third_party/perfetto/protos/perfetto/trace/track_event/zero/chrome_thread_descriptor.pbzero.obj
[667/1268] CXX obj/third_party/perfetto/protos/perfetto/trace/track_event/zero/chrome_user_event.pbzero.obj
[668/1268] CXX obj/third_party/perfetto/protos/perfetto/trace/track_event/zero/chrome_window_handle_event_info.pbzero.obj
[669/1268] CXX obj/third_party/perfetto/protos/perfetto/trace/track_event/zero/counter_descriptor.pbzero.obj
[670/1268] CXX obj/third_party/perfetto/protos/perfetto/trace/track_event/zero/debug_annotation.pbzero.obj
[671/1268] CXX obj/third_party/perfetto/protos/perfetto/trace/track_event/zero/log_message.pbzero.obj
[672/1268] CXX obj/third_party/perfetto/protos/perfetto/trace/track_event/zero/process_descriptor.pbzero.obj
[673/1268] CXX obj/third_party/perfetto/protos/perfetto/trace/track_event/zero/range_of_interest.pbzero.obj
[674/1268] CXX obj/third_party/perfetto/protos/perfetto/trace/track_event/zero/screenshot.pbzero.obj
[675/1268] CXX obj/third_party/perfetto/protos/perfetto/trace/track_event/zero/source_location.pbzero.obj
[676/1268] CXX obj/third_party/perfetto/protos/perfetto/trace/track_event/zero/state_descriptor.pbzero.obj
[677/1268] CXX obj/third_party/perfetto/protos/perfetto/trace/track_event/zero/task_execution.pbzero.obj
[678/1268] CXX obj/third_party/perfetto/protos/perfetto/trace/track_event/zero/thread_descriptor.pbzero.obj
[679/1268] CXX obj/third_party/perfetto/protos/perfetto/trace/track_event/zero/track_descriptor.pbzero.obj
[680/1268] LIB obj/third_party/perfetto/protos/perfetto/config/zero.lib
[681/1268] CXX obj/third_party/perfetto/protos/perfetto/trace/track_event/zero/track_event.pbzero.obj
[682/1268] CXX obj/third_party/perfetto/protos/perfetto/trace/minimal_zero/clock_snapshot.pbzero.obj
[683/1268] CXX obj/third_party/perfetto/protos/perfetto/trace/minimal_zero/trace_uuid.pbzero.obj
[684/1268] CXX obj/third_party/perfetto/protos/perfetto/trace/minimal_zero/trigger.pbzero.obj
[685/1268] LIB obj/third_party/perfetto/protos/perfetto/trace/android/zero.lib
[686/1268] LIB obj/third_party/perfetto/protos/perfetto/trace/chrome/zero.lib
[687/1268] CXX obj/third_party/perfetto/protos/perfetto/trace/etw/zero/etw.pbzero.obj
[688/1268] CXX obj/third_party/perfetto/protos/perfetto/trace/etw/zero/etw_event.pbzero.obj
[689/1268] CXX obj/third_party/perfetto/protos/perfetto/trace/etw/zero/etw_event_bundle.pbzero.obj
[690/1268] ACTION //third_party/perfetto/protos/perfetto/trace/translation:zero_gen(//build/toolchain/win:win_clang_x64)
[691/1268] CXX obj/third_party/perfetto/protos/perfetto/trace/filesystem/zero/inode_file_map.pbzero.obj
[692/1268] CXX obj/third_party/perfetto/protos/perfetto/trace/generic_kernel/zero/generic_gpu_frequency.pbzero.obj
[693/1268] CXX obj/third_party/perfetto/protos/perfetto/trace/generic_kernel/zero/generic_power.pbzero.obj
[694/1268] CXX obj/third_party/perfetto/protos/perfetto/trace/generic_kernel/zero/generic_task.pbzero.obj
[695/1268] LIB obj/third_party/perfetto/protos/perfetto/trace/gpu/zero.lib
[696/1268] CXX obj/third_party/perfetto/protos/perfetto/trace/interned_data/zero/interned_data.pbzero.obj
[697/1268] ACTION //third_party/perfetto/protos/perfetto/config:cpp_gen(//build/toolchain/win:win_clang_x64)
[698/1268] CXX obj/third_party/perfetto/protos/perfetto/trace/linux/zero/journald_event.pbzero.obj
[699/1268] CXX obj/third_party/perfetto/protos/perfetto/trace/perfetto/zero/concurrent_session_event.pbzero.obj
[700/1268] CXX obj/third_party/perfetto/protos/perfetto/trace/perfetto/zero/perfetto_metatrace.pbzero.obj
[701/1268] CXX obj/third_party/perfetto/protos/perfetto/trace/perfetto/zero/trace_provenance.pbzero.obj
[702/1268] CXX obj/third_party/perfetto/protos/perfetto/trace/perfetto/zero/tracing_service_event.pbzero.obj
[703/1268] CXX obj/third_party/perfetto/protos/perfetto/trace/power/zero/android_energy_estimation_breakdown.pbzero.obj
[704/1268] CXX obj/third_party/perfetto/protos/perfetto/trace/power/zero/android_entity_state_residency.pbzero.obj
[705/1268] CXX obj/third_party/perfetto/protos/perfetto/trace/power/zero/battery_counters.pbzero.obj
[706/1268] CXX obj/third_party/perfetto/protos/perfetto/trace/power/zero/power_rails.pbzero.obj
[707/1268] LIB obj/third_party/perfetto/protos/perfetto/trace/profiling/zero.lib
[708/1268] CXX obj/third_party/perfetto/protos/perfetto/trace/ps/zero/process_stats.pbzero.obj
[709/1268] CXX obj/third_party/perfetto/protos/perfetto/trace/ps/zero/process_tree.pbzero.obj
[710/1268] CXX obj/third_party/perfetto/protos/perfetto/trace/statsd/zero/statsd_atom.pbzero.obj
[711/1268] CXX obj/third_party/perfetto/protos/perfetto/trace/sys_stats/zero/sys_stats.pbzero.obj
[712/1268] CXX obj/third_party/perfetto/protos/perfetto/trace/system_info/zero/cpu_info.pbzero.obj
[713/1268] CXX obj/third_party/perfetto/protos/perfetto/trace/system_info/zero/gpu_info.pbzero.obj
[714/1268] CXX obj/third_party/perfetto/protos/perfetto/trace/system_info/zero/interrupt_info.pbzero.obj
[715/1268] LIB obj/third_party/perfetto/protos/perfetto/trace/track_event/zero.lib
[716/1268] CXX obj/third_party/perfetto/protos/perfetto/trace/translation/zero/translation_table.pbzero.obj
[717/1268] ACTION //third_party/perfetto/protos/perfetto/trace:non_minimal_zero_gen(//build/toolchain/win:win_clang_x64)
[718/1268] ACTION //third_party/perfetto/protos/perfetto/trace/track_event:cpp_gen(//build/toolchain/win:win_clang_x64)
[719/1268] ACTION //third_party/perfetto/protos/perfetto/trace/ftrace:zero_gen(//build/toolchain/win:win_clang_x64)
[720/1268] CXX obj/third_party/perfetto/protos/perfetto/trace/ftrace/zero/ftrace_event.pbzero.obj
[721/1268] CXX obj/third_party/perfetto/protos/perfetto/trace/ftrace/zero/ftrace_event_bundle.pbzero.obj
[722/1268] CXX obj/third_party/perfetto/protos/perfetto/trace/ftrace/zero/ftrace_stats.pbzero.obj
[723/1268] CXX obj/third_party/perfetto/protos/perfetto/trace/ftrace/zero/test_bundle_wrapper.pbzero.obj
[724/1268] CXX obj/third_party/perfetto/protos/perfetto/trace/ftrace/zero/generic.pbzero.obj
[725/1268] CXX obj/third_party/perfetto/protos/perfetto/trace/ftrace/zero/android_fs.pbzero.obj
[726/1268] CXX obj/third_party/perfetto/protos/perfetto/trace/ftrace/zero/bcl_exynos.pbzero.obj
[727/1268] CXX obj/third_party/perfetto/protos/perfetto/trace/ftrace/zero/binder.pbzero.obj
[728/1268] CXX obj/third_party/perfetto/protos/perfetto/trace/ftrace/zero/block.pbzero.obj
[729/1268] CXX obj/third_party/perfetto/protos/perfetto/trace/ftrace/zero/cgroup.pbzero.obj
[730/1268] CXX obj/third_party/perfetto/protos/perfetto/trace/ftrace/zero/clk.pbzero.obj
[731/1268] CXX obj/third_party/perfetto/protos/perfetto/trace/ftrace/zero/cma.pbzero.obj
[732/1268] CXX obj/third_party/perfetto/protos/perfetto/trace/ftrace/zero/compaction.pbzero.obj
[733/1268] CXX obj/third_party/perfetto/protos/perfetto/trace/ftrace/zero/cpm_trace.pbzero.obj
[734/1268] CXX obj/third_party/perfetto/protos/perfetto/trace/ftrace/zero/cpuhp.pbzero.obj
[735/1268] CXX obj/third_party/perfetto/protos/perfetto/config/cpp/system_metrics.gen.obj
[736/1268] CXX obj/third_party/perfetto/protos/perfetto/config/cpp/v8_config.gen.obj
[737/1268] CXX obj/third_party/perfetto/protos/perfetto/trace/ftrace/zero/cros_ec.pbzero.obj
[738/1268] CXX obj/third_party/perfetto/protos/perfetto/config/cpp/chrome_config.gen.obj
[739/1268] CXX obj/third_party/perfetto/protos/perfetto/trace/ftrace/zero/dcvsh.pbzero.obj
[740/1268] CXX obj/third_party/perfetto/protos/perfetto/trace/ftrace/zero/devfreq.pbzero.obj
[741/1268] CXX obj/third_party/perfetto/protos/perfetto/trace/ftrace/zero/dma_fence.pbzero.obj
[742/1268] CXX obj/third_party/perfetto/protos/perfetto/config/cpp/histogram_samples.gen.obj
[743/1268] CXX obj/third_party/perfetto/protos/perfetto/trace/ftrace/zero/dmabuf_heap.pbzero.obj
[744/1268] CXX obj/third_party/perfetto/protos/perfetto/trace/ftrace/zero/dpu.pbzero.obj
[745/1268] CXX obj/third_party/perfetto/protos/perfetto/trace/ftrace/zero/drm.pbzero.obj
[746/1268] CXX obj/third_party/perfetto/protos/perfetto/trace/ftrace/zero/dwc3.pbzero.obj
[747/1268] CXX obj/third_party/perfetto/protos/perfetto/trace/ftrace/zero/ext4.pbzero.obj
[748/1268] CXX obj/third_party/perfetto/protos/perfetto/trace/ftrace/zero/f2fs.pbzero.obj
[749/1268] CXX obj/third_party/perfetto/protos/perfetto/trace/ftrace/zero/fastrpc.pbzero.obj
[750/1268] CXX obj/third_party/perfetto/protos/perfetto/trace/ftrace/zero/fence.pbzero.obj
[751/1268] CXX obj/third_party/perfetto/protos/perfetto/trace/ftrace/zero/filemap.pbzero.obj
[752/1268] CXX obj/third_party/perfetto/protos/perfetto/trace/ftrace/zero/fs.pbzero.obj
[753/1268] CXX obj/third_party/perfetto/protos/perfetto/trace/ftrace/zero/ftrace.pbzero.obj
[754/1268] CXX obj/third_party/perfetto/protos/perfetto/trace/ftrace/zero/fwtp_ftrace.pbzero.obj
[755/1268] CXX obj/third_party/perfetto/protos/perfetto/trace/ftrace/zero/g2d.pbzero.obj
[756/1268] CXX obj/third_party/perfetto/protos/perfetto/trace/ftrace/zero/gpu_mem.pbzero.obj
[757/1268] CXX obj/third_party/perfetto/protos/perfetto/trace/ftrace/zero/google_icc_trace.pbzero.obj
[758/1268] CXX obj/third_party/perfetto/protos/perfetto/config/cpp/data_source_config.gen.obj
[759/1268] CXX obj/third_party/perfetto/protos/perfetto/trace/ftrace/zero/google_irm_trace.pbzero.obj
[760/1268] CXX obj/third_party/perfetto/protos/perfetto/trace/ftrace/zero/hyp.pbzero.obj
[761/1268] CXX obj/third_party/perfetto/protos/perfetto/trace/ftrace/zero/hypervisor.pbzero.obj
[762/1268] CXX obj/third_party/perfetto/protos/perfetto/trace/ftrace/zero/gpu_scheduler.pbzero.obj
[763/1268] CXX obj/third_party/perfetto/protos/perfetto/trace/ftrace/zero/i2c.pbzero.obj
[764/1268] CXX obj/third_party/perfetto/protos/perfetto/trace/ftrace/zero/ion.pbzero.obj
[765/1268] CXX obj/third_party/perfetto/protos/perfetto/trace/ftrace/zero/ipi.pbzero.obj
[766/1268] CXX obj/third_party/perfetto/protos/perfetto/config/cpp/etw_config.gen.obj
[767/1268] CXX obj/third_party/perfetto/protos/perfetto/trace/ftrace/zero/irq.pbzero.obj
[768/1268] CXX obj/third_party/perfetto/protos/perfetto/trace/ftrace/zero/irq_vectors.pbzero.obj
[769/1268] CXX obj/third_party/perfetto/protos/perfetto/trace/ftrace/zero/kgsl.pbzero.obj
[770/1268] CXX obj/third_party/perfetto/protos/perfetto/trace/ftrace/zero/kmem.pbzero.obj
[771/1268] CXX obj/third_party/perfetto/protos/perfetto/trace/ftrace/zero/kvm.pbzero.obj
[772/1268] CXX obj/third_party/perfetto/protos/perfetto/trace/ftrace/zero/lowmemorykiller.pbzero.obj
[773/1268] CXX obj/third_party/perfetto/protos/perfetto/trace/ftrace/zero/lwis.pbzero.obj
[774/1268] CXX obj/third_party/perfetto/protos/perfetto/trace/ftrace/zero/mali.pbzero.obj
[775/1268] CXX obj/third_party/perfetto/protos/perfetto/trace/ftrace/zero/mdss.pbzero.obj
[776/1268] CXX obj/third_party/perfetto/protos/perfetto/trace/ftrace/zero/mm_event.pbzero.obj
[777/1268] CXX obj/third_party/perfetto/protos/perfetto/trace/ftrace/zero/net.pbzero.obj
[778/1268] CXX obj/third_party/perfetto/protos/perfetto/trace/ftrace/zero/oom.pbzero.obj
[779/1268] CXX obj/third_party/perfetto/protos/perfetto/trace/ftrace/zero/panel.pbzero.obj
[780/1268] CXX obj/third_party/perfetto/protos/perfetto/trace/ftrace/zero/perf_trace_counters.pbzero.obj
[781/1268] CXX obj/third_party/perfetto/protos/perfetto/trace/ftrace/zero/pixel_mm.pbzero.obj
[782/1268] CXX obj/third_party/perfetto/protos/perfetto/trace/ftrace/zero/power.pbzero.obj
[783/1268] CXX obj/third_party/perfetto/protos/perfetto/trace/ftrace/zero/printk.pbzero.obj
[784/1268] CXX obj/third_party/perfetto/protos/perfetto/trace/ftrace/zero/raw_syscalls.pbzero.obj
[785/1268] CXX obj/third_party/perfetto/protos/perfetto/trace/ftrace/zero/regulator.pbzero.obj
[786/1268] CXX obj/third_party/perfetto/protos/perfetto/trace/ftrace/zero/rpm.pbzero.obj
[787/1268] CXX obj/third_party/perfetto/protos/perfetto/trace/ftrace/zero/samsung.pbzero.obj
[788/1268] CXX obj/third_party/perfetto/protos/perfetto/trace/ftrace/zero/sched.pbzero.obj
[789/1268] CXX obj/third_party/perfetto/protos/perfetto/trace/ftrace/zero/scm.pbzero.obj
[790/1268] CXX obj/third_party/perfetto/protos/perfetto/trace/ftrace/zero/scsi.pbzero.obj
[791/1268] CXX obj/third_party/perfetto/protos/perfetto/trace/ftrace/zero/sde.pbzero.obj
[792/1268] CXX obj/third_party/perfetto/protos/perfetto/trace/ftrace/zero/signal.pbzero.obj
[793/1268] CXX obj/third_party/perfetto/protos/perfetto/trace/ftrace/zero/skb.pbzero.obj
[794/1268] CXX obj/third_party/perfetto/protos/perfetto/trace/ftrace/zero/sock.pbzero.obj
[795/1268] CXX obj/third_party/perfetto/protos/perfetto/trace/ftrace/zero/sync.pbzero.obj
[796/1268] CXX obj/third_party/perfetto/protos/perfetto/trace/ftrace/zero/synthetic.pbzero.obj
[797/1268] CXX obj/third_party/perfetto/protos/perfetto/trace/ftrace/zero/systrace.pbzero.obj
[798/1268] CXX obj/third_party/perfetto/protos/perfetto/trace/ftrace/zero/task.pbzero.obj
[799/1268] CXX obj/third_party/perfetto/protos/perfetto/trace/ftrace/zero/tcp.pbzero.obj
[800/1268] CXX obj/third_party/perfetto/protos/perfetto/trace/ftrace/zero/thermal.pbzero.obj
[801/1268] CXX obj/third_party/perfetto/protos/perfetto/trace/ftrace/zero/thermal_exynos.pbzero.obj
[802/1268] CXX obj/third_party/perfetto/protos/perfetto/trace/ftrace/zero/timer.pbzero.obj
[803/1268] CXX obj/third_party/perfetto/protos/perfetto/trace/ftrace/zero/trusty.pbzero.obj
[804/1268] CXX obj/third_party/perfetto/protos/perfetto/trace/ftrace/zero/ufs.pbzero.obj
[805/1268] CXX obj/third_party/perfetto/protos/perfetto/trace/ftrace/zero/v4l2.pbzero.obj
[806/1268] CXX obj/third_party/perfetto/protos/perfetto/trace/ftrace/zero/virtio_gpu.pbzero.obj
[807/1268] CXX obj/third_party/perfetto/protos/perfetto/trace/ftrace/zero/virtio_video.pbzero.obj
[808/1268] CXX obj/third_party/perfetto/protos/perfetto/trace/ftrace/zero/vmscan.pbzero.obj
[809/1268] CXX obj/third_party/perfetto/protos/perfetto/trace/ftrace/zero/workqueue.pbzero.obj
[810/1268] LIB obj/third_party/perfetto/protos/perfetto/trace/minimal_zero.lib
[811/1268] CXX obj/third_party/perfetto/protos/perfetto/trace/non_minimal_zero/remote_clock_sync.pbzero.obj
[812/1268] CXX obj/third_party/perfetto/protos/perfetto/trace/non_minimal_zero/trace_packet_defaults.pbzero.obj
[813/1268] CXX obj/third_party/perfetto/protos/perfetto/trace/non_minimal_zero/test_event.pbzero.obj
[814/1268] CXX obj/third_party/perfetto/protos/perfetto/trace/non_minimal_zero/test_extensions.pbzero.obj
[815/1268] CXX obj/third_party/perfetto/protos/perfetto/trace/non_minimal_zero/trace_packet.pbzero.obj
[816/1268] CXX obj/third_party/perfetto/protos/perfetto/trace/non_minimal_zero/trace.pbzero.obj
[817/1268] CXX obj/third_party/perfetto/protos/perfetto/trace/non_minimal_zero/extension_descriptor.pbzero.obj
[818/1268] CXX obj/third_party/perfetto/protos/perfetto/trace/non_minimal_zero/memory_graph.pbzero.obj
[819/1268] CXX obj/third_party/perfetto/protos/perfetto/trace/non_minimal_zero/ui_state.pbzero.obj
[820/1268] LIB obj/third_party/perfetto/protos/perfetto/trace/etw/zero.lib
[821/1268] LIB obj/third_party/perfetto/protos/perfetto/trace/filesystem/zero.lib
[822/1268] LIB obj/third_party/perfetto/protos/perfetto/trace/generic_kernel/zero.lib
[823/1268] LIB obj/third_party/perfetto/protos/perfetto/trace/ftrace/zero.lib
[824/1268] LIB obj/third_party/perfetto/protos/perfetto/trace/interned_data/zero.lib
[825/1268] LIB obj/third_party/perfetto/protos/perfetto/trace/linux/zero.lib
[826/1268] LIB obj/third_party/perfetto/protos/perfetto/trace/perfetto/zero.lib
[827/1268] LIB obj/third_party/perfetto/protos/perfetto/trace/power/zero.lib
[828/1268] LIB obj/third_party/perfetto/protos/perfetto/trace/ps/zero.lib
[829/1268] LIB obj/third_party/perfetto/protos/perfetto/trace/statsd/zero.lib
[830/1268] LIB obj/third_party/perfetto/protos/perfetto/trace/sys_stats/zero.lib
[831/1268] LIB obj/third_party/perfetto/protos/perfetto/trace/system_info/zero.lib
[832/1268] CXX obj/third_party/perfetto/protos/perfetto/config/cpp/interceptor_config.gen.obj
[833/1268] CXX obj/third_party/perfetto/protos/perfetto/config/cpp/test_config.gen.obj
[834/1268] CXX obj/third_party/perfetto/protos/perfetto/config/cpp/scenario_config.gen.obj
[835/1268] CXX obj/third_party/perfetto/protos/perfetto/trace/track_event/cpp/chrome_application_state_info.gen.obj
[836/1268] CXX obj/third_party/perfetto/protos/perfetto/trace/track_event/cpp/chrome_active_processes.gen.obj
[837/1268] CXX obj/third_party/perfetto/protos/perfetto/config/cpp/stress_test_config.gen.obj
[838/1268] CXX obj/third_party/perfetto/protos/perfetto/trace/track_event/cpp/chrome_compositor_scheduler_state.gen.obj
[839/1268] CXX obj/third_party/perfetto/protos/perfetto/trace/track_event/cpp/chrome_content_settings_event_info.gen.obj
[840/1268] CXX obj/third_party/perfetto/protos/perfetto/trace/track_event/cpp/chrome_frame_reporter.gen.obj
[841/1268] CXX obj/third_party/perfetto/protos/perfetto/trace/track_event/cpp/chrome_histogram_sample.gen.obj
[842/1268] CXX obj/third_party/perfetto/protos/perfetto/trace/track_event/cpp/chrome_keyed_service.gen.obj
[843/1268] CXX obj/third_party/perfetto/protos/perfetto/trace/track_event/cpp/chrome_latency_info.gen.obj
[844/1268] CXX obj/third_party/perfetto/protos/perfetto/trace/track_event/cpp/chrome_legacy_ipc.gen.obj
[845/1268] CXX obj/third_party/perfetto/protos/perfetto/trace/track_event/cpp/chrome_message_pump.gen.obj
[846/1268] CXX obj/third_party/perfetto/protos/perfetto/trace/track_event/cpp/chrome_process_descriptor.gen.obj
[847/1268] CXX obj/third_party/perfetto/protos/perfetto/trace/track_event/cpp/chrome_mojo_event_info.gen.obj
[848/1268] CXX obj/third_party/perfetto/protos/perfetto/config/cpp/trace_config.gen.obj
[849/1268] CXX obj/third_party/perfetto/protos/perfetto/trace/track_event/cpp/chrome_renderer_scheduler_state.gen.obj
[850/1268] CXX obj/third_party/perfetto/protos/perfetto/trace/track_event/cpp/chrome_thread_descriptor.gen.obj
[851/1268] CXX obj/third_party/perfetto/protos/perfetto/trace/track_event/cpp/chrome_window_handle_event_info.gen.obj
[852/1268] CXX obj/third_party/perfetto/protos/perfetto/trace/track_event/cpp/chrome_user_event.gen.obj
[853/1268] CXX obj/third_party/perfetto/protos/perfetto/trace/track_event/cpp/counter_descriptor.gen.obj
[854/1268] CXX obj/third_party/perfetto/protos/perfetto/trace/track_event/cpp/log_message.gen.obj
[855/1268] CXX obj/third_party/perfetto/protos/perfetto/trace/track_event/cpp/range_of_interest.gen.obj
[856/1268] CXX obj/third_party/perfetto/protos/perfetto/trace/track_event/cpp/screenshot.gen.obj
[857/1268] CXX obj/third_party/perfetto/protos/perfetto/trace/track_event/cpp/process_descriptor.gen.obj
[858/1268] CXX obj/third_party/perfetto/protos/perfetto/trace/track_event/cpp/debug_annotation.gen.obj
[859/1268] CXX obj/third_party/perfetto/protos/perfetto/trace/track_event/cpp/state_descriptor.gen.obj
[860/1268] CXX obj/third_party/perfetto/protos/perfetto/trace/track_event/cpp/source_location.gen.obj
[861/1268] LIB obj/third_party/perfetto/protos/perfetto/trace/translation/zero.lib
[862/1268] CXX obj/third_party/perfetto/protos/perfetto/trace/track_event/cpp/task_execution.gen.obj
[863/1268] CXX obj/third_party/perfetto/protos/perfetto/trace/track_event/cpp/thread_descriptor.gen.obj
[864/1268] CXX obj/third_party/perfetto/protos/perfetto/trace/track_event/cpp/track_descriptor.gen.obj
[865/1268] CXX obj/angle_common/Float16ToFloat32.obj
[866/1268] CXX obj/angle_common/PackedEGLEnums_autogen.obj
[867/1268] CXX obj/angle_common/MemoryBuffer.obj
[868/1268] CXX obj/angle_common/PackedEnums.obj
[869/1268] CXX obj/third_party/perfetto/protos/perfetto/trace/track_event/cpp/track_event.gen.obj
[870/1268] CXX obj/angle_common/PackedGLEnums_autogen.obj
[871/1268] CXX obj/angle_common/SimpleMutex.obj
[872/1268] CXX obj/angle_common/PoolAlloc.obj
[873/1268] CXX obj/angle_common/sha1.obj
[874/1268] CXX obj/angle_common/aligned_memory.obj
[875/1268] CXX obj/angle_common/android_util.obj
[876/1268] CXX obj/angle_common/WorkerThread.obj
[877/1268] CXX obj/angle_common/angleutils.obj
[878/1268] CXX obj/angle_common/entry_points_enum_autogen.obj
[879/1268] CXX obj/angle_common/debug.obj
[880/1268] CXX obj/angle_common/event_tracer.obj
[881/1268] CXX obj/angle_common/trace_categories.obj
[882/1268] CXX obj/angle_common/mathutil.obj
[883/1268] CXX obj/angle_common/platform_helpers.obj
[884/1268] CXX obj/angle_common/matrix_utils.obj
[885/1268] CXX obj/angle_common/system_utils.obj
[886/1268] LIB obj/third_party/perfetto/protos/perfetto/config/cpp.lib
[887/1268] LIB obj/third_party/perfetto/protos/perfetto/trace/non_minimal_zero.lib
[888/1268] LIB obj/third_party/perfetto/protos/perfetto/trace/track_event/cpp.lib
[889/1268] CXX obj/angle_common/tls.obj
[890/1268] CXX obj/angle_common/string_utils.obj
[891/1268] CXX obj/angle_common/uniform_type_info_autogen.obj
[892/1268] CXX obj/angle_common/utilities.obj
[893/1268] CXX obj/angle_common/backtrace_utils_noop.obj
[894/1268] CXX obj/angle_common/system_utils_win.obj
[895/1268] CXX obj/angle_common/system_utils_win32.obj
[896/1268] CXX obj/third_party/perfetto/src/protovm/protovm/node.obj
[897/1268] CXX obj/third_party/perfetto/src/protovm/protovm/error_handling.obj
[898/1268] CXX obj/third_party/perfetto/src/protovm/protovm/allocator.obj
[899/1268] CXX obj/third_party/perfetto/src/base/clock_snapshots/clock_snapshots.obj
[900/1268] CXX obj/third_party/perfetto/src/protovm/protovm/executor.obj
[901/1268] CXX obj/third_party/perfetto/src/protovm/protovm/ro_cursor.obj
[902/1268] CXX obj/third_party/perfetto/src/protovm/protovm/parser.obj
[903/1268] CXX obj/third_party/perfetto/src/protovm/protovm/rw_proto.obj
[904/1268] CXX obj/third_party/perfetto/src/protovm/protovm/vm.obj
[905/1268] CXX obj/third_party/perfetto/src/protozero/filtering/message_filter_config/message_filter_config.obj
[906/1268] CXX obj/third_party/perfetto/src/tracing/client_api_without_backends/data_source.obj
[907/1268] CXX obj/third_party/perfetto/src/protovm/protovm/rw_proto_cursor.obj
[908/1268] CXX obj/third_party/perfetto/src/tracing/client_api_without_backends/debug_annotation.obj
[909/1268] CXX obj/third_party/perfetto/src/tracing/client_api_without_backends/checked_scope.obj
[910/1268] CXX obj/third_party/perfetto/src/tracing/client_api_without_backends/console_interceptor.obj
[911/1268] CXX obj/third_party/perfetto/src/tracing/client_api_without_backends/interceptor.obj
[912/1268] CXX obj/third_party/perfetto/src/tracing/client_api_without_backends/interceptor_trace_writer.obj
[913/1268] CXX obj/third_party/perfetto/src/tracing/client_api_without_backends/event_context.obj
[914/1268] CXX obj/third_party/perfetto/src/tracing/client_api_without_backends/platform_posix.obj
[915/1268] CXX obj/third_party/perfetto/src/tracing/client_api_without_backends/tracing_backend_fake.obj
[916/1268] CXX obj/third_party/perfetto/src/tracing/client_api_without_backends/tracing_muxer_fake.obj
[917/1268] CXX obj/third_party/perfetto/src/tracing/client_api_without_backends/platform.obj
[918/1268] CXX obj/third_party/perfetto/src/tracing/client_api_without_backends/tracing_policy.obj
[919/1268] CXX obj/third_party/perfetto/src/tracing/client_api_without_backends/track_event_interned_fields.obj
[920/1268] CXX obj/third_party/perfetto/src/tracing/client_api_without_backends/traced_value.obj
[921/1268] CXX obj/third_party/perfetto/src/tracing/client_api_without_backends/platform_windows.obj
[922/1268] CXX obj/third_party/perfetto/src/tracing/client_api_without_backends/track_event_internal.obj
[923/1268] CXX obj/third_party/perfetto/src/tracing/client_api_without_backends/track_event_category_registry.obj
[924/1268] CXX obj/third_party/perfetto/src/tracing/client_api_without_backends/tracing.obj
[925/1268] CXX obj/third_party/perfetto/src/tracing/client_api_without_backends/track.obj
[926/1268] CXX obj/third_party/perfetto/src/tracing/client_api_without_backends/track_event_legacy.obj
[927/1268] CXX obj/third_party/perfetto/src/tracing/common/trace_writer_base.obj
[928/1268] CXX obj/third_party/perfetto/src/tracing/in_process_backend/in_process_tracing_backend.obj
[929/1268] CXX obj/third_party/perfetto/src/tracing/client_api_without_backends/virtual_destructors.obj
[930/1268] CXX obj/third_party/perfetto/src/tracing/core/core/in_process_shared_memory.obj
[931/1268] CXX obj/third_party/perfetto/src/tracing/client_api_without_backends/track_event_state_tracker.obj
[932/1268] CXX obj/third_party/perfetto/src/tracing/core/core/id_allocator.obj
[933/1268] CXX obj/third_party/perfetto/src/tracing/system_backend_fake/system_tracing_backend_fake.obj
[934/1268] CXX obj/third_party/perfetto/src/tracing/core/core/null_trace_writer.obj
[935/1268] CXX obj/third_party/perfetto/src/tracing/core/core/trace_packet.obj
[936/1268] CXX obj/third_party/perfetto/src/tracing/core/core/virtual_destructors.obj
[937/1268] CXX obj/third_party/perfetto/src/tracing/core/core/trace_writer_impl.obj
[938/1268] CXX obj/third_party/perfetto/src/tracing/core/core/shared_memory_abi.obj
[939/1268] CXX obj/third_party/perfetto/src/tracing/client_api_without_backends/tracing_muxer_impl.obj
../../third_party/perfetto/src/tracing/internal/tracing_muxer_impl.cc(227,8): warning: 'atomic_store<perfetto::ProducerEndpoint>' is deprecated: warning STL4029: std::atomic_*() overloads for shared_ptr are deprecated in C++20. The shared_ptr specialization of std::atomic provides superior functionality. You can define _SILENCE_CXX20_OLD_SHARED_PTR_ATOMIC_SUPPORT_DEPRECATION_WARNING or _SILENCE_ALL_CXX20_DEPRECATION_WARNINGS to suppress this warning. [-Wdeprecated-declarations]
  227 |   std::atomic_store(&service_, std::move(service));
      |        ^
../../../../../VSBuildTools/VC/Tools/MSVC/14.44.35207/include\memory(3959,1): note: 'atomic_store<perfetto::ProducerEndpoint>' has been explicitly marked deprecated here
 3959 | _CXX20_DEPRECATE_OLD_SHARED_PTR_ATOMIC_SUPPORT void atomic_store(
      | ^
../../../../../VSBuildTools/VC/Tools/MSVC/14.44.35207/include\yvals_core.h(1332,7): note: expanded from macro '_CXX20_DEPRECATE_OLD_SHARED_PTR_ATOMIC_SUPPORT'
 1332 |     [[deprecated("warning STL4029: "                                                                \
      |       ^
../../third_party/perfetto/src/tracing/internal/tracing_muxer_impl.cc(2361,12): warning: 'atomic_load<perfetto::ProducerEndpoint>' is deprecated: warning STL4029: std::atomic_*() overloads for shared_ptr are deprecated in C++20. The shared_ptr specialization of std::atomic provides superior functionality. You can define _SILENCE_CXX20_OLD_SHARED_PTR_ATOMIC_SUPPORT_DEPRECATION_WARNING or _SILENCE_ALL_CXX20_DEPRECATION_WARNINGS to suppress this warning. [-Wdeprecated-declarations]
 2361 |       std::atomic_load(&producer->service_);
      |            ^
../../../../../VSBuildTools/VC/Tools/MSVC/14.44.35207/include\memory(3945,1): note: 'atomic_load<perfetto::ProducerEndpoint>' has been explicitly marked deprecated here
 3945 | _CXX20_DEPRECATE_OLD_SHARED_PTR_ATOMIC_SUPPORT _NODISCARD shared_ptr<_Ty> atomic_load(
      | ^
../../../../../VSBuildTools/VC/Tools/MSVC/14.44.35207/include\yvals_core.h(1332,7): note: expanded from macro '_CXX20_DEPRECATE_OLD_SHARED_PTR_ATOMIC_SUPPORT'
 1332 |     [[deprecated("warning STL4029: "                                                                \
      |       ^
2 warnings generated.
[940/1268] CXX obj/third_party/perfetto/src/tracing/service/service/clock.obj
[941/1268] CXX obj/third_party/perfetto/src/tracing/service/service/packet_stream_validator.obj
[942/1268] CXX obj/third_party/perfetto/src/tracing/core/core/shared_memory_arbiter_impl.obj
[943/1268] CXX obj/third_party/perfetto/src/tracing/service/service/random.obj
[944/1268] CXX obj/third_party/perfetto/src/tracing/service/service/metatrace_writer.obj
[945/1268] CXX obj/third_party/perfetto/src/tracing/service/service/trace_buffer_v1.obj
[946/1268] CXX obj/preprocessor/DirectiveHandlerBase.obj
[947/1268] CXX obj/preprocessor/DiagnosticsBase.obj
[948/1268] CXX obj/third_party/perfetto/src/tracing/service/service/trace_buffer_v2.obj
[949/1268] CXX obj/third_party/perfetto/src/tracing/service/service/tracing_service_session.obj
[950/1268] CXX obj/angle_common_shader_state/CompiledShaderState.obj
[951/1268] CXX obj/preprocessor/Input.obj
[952/1268] CXX obj/third_party/perfetto/src/tracing/service/service/tracing_service_endpoints_impl.obj
[953/1268] CXX obj/preprocessor/DirectiveParser.obj
[954/1268] CXX obj/preprocessor/Lexer.obj
[955/1268] CXX obj/preprocessor/Macro.obj
[956/1268] CXX obj/preprocessor/Preprocessor.obj
[957/1268] CXX obj/preprocessor/MacroExpander.obj
[958/1268] CXX obj/preprocessor/preprocessor_lex_autogen.obj
[959/1268] CXX obj/preprocessor/Token.obj
[960/1268] CXX obj/preprocessor/preprocessor_tab_autogen.obj
[961/1268] CXX obj/angle_image_util/copyimage.obj
[962/1268] CXX obj/angle_image_util/imageformats.obj
[963/1268] CXX obj/angle_image_util/loadimage_astc.obj
[964/1268] CXX obj/angle_gpu_info_util/SystemInfo_win.obj
[965/1268] CXX obj/angle_image_util/loadimage.obj
[966/1268] CXX obj/angle_gpu_info_util/SystemInfo.obj
[967/1268] CXX obj/angle_image_util/loadimage_etc.obj
[968/1268] CXX obj/angle_gpu_info_util/SystemInfo_vulkan.obj
[969/1268] CXX obj/angle_image_util/loadimage_paletted.obj
[970/1268] CXX obj/angle_version_info/angle_version_info.obj
[971/1268] CXX obj/angle_image_util/storeimage_paletted.obj
[972/1268] CXX obj/angle_image_util/AstcDecompressor.obj
[973/1268] CXX obj/translator/BaseTypes.obj
[974/1268] CXX obj/translator/BuiltInFunctionEmulator.obj
[975/1268] CXX obj/translator/CallDAG.obj
[976/1268] CXX obj/translator/CodeGen.obj
[977/1268] CXX obj/translator/CollectVariables.obj
[978/1268] CXX obj/translator/Declarator.obj
[979/1268] CXX obj/translator/ConstantUnion.obj
[980/1268] CXX obj/translator/ExtensionBehavior.obj
[981/1268] CXX obj/third_party/perfetto/src/tracing/service/service/tracing_service_impl.obj
[982/1268] CXX obj/translator/Diagnostics.obj
[983/1268] LIB obj/angle_common.lib
[984/1268] LIB obj/angle_common_shader_state.lib
[985/1268] LIB obj/preprocessor.lib
[986/1268] CXX obj/translator/FlagStd140Structs.obj
[987/1268] CXX obj/translator/FunctionLookup.obj
[988/1268] CXX obj/translator/HashNames.obj
[989/1268] CXX obj/translator/ImmutableStringBuilder.obj
[990/1268] CXX obj/translator/Initialize.obj
[991/1268] CXX obj/translator/InfoSink.obj
[992/1268] CXX obj/translator/Compiler.obj
[993/1268] CXX obj/translator/DirectiveHandler.obj
[994/1268] CXX obj/translator/IsASTDepthBelowLimit.obj
[995/1268] CXX obj/translator/IntermRebuild.obj
[996/1268] CXX obj/translator/Name.obj
[997/1268] CXX obj/translator/Operator.obj
[998/1268] CXX obj/translator/IntermNode.obj
[999/1268] CXX obj/translator/PoolAlloc.obj
[1000/1268] CXX obj/translator/OutputTree.obj
[1001/1268] CXX obj/translator/QualifierTypes.obj
[1002/1268] CXX obj/translator/ShaderVars.obj
[1003/1268] CXX obj/translator/ShaderLang.obj
[1004/1268] CXX obj/translator/Symbol.obj
[1005/1268] CXX obj/translator/SymbolTable.obj
[1006/1268] CXX obj/translator/SymbolUniqueId.obj
[1007/1268] CXX obj/translator/ValidateGlobalInitializer.obj
[1008/1268] CXX obj/translator/Types.obj
[1009/1268] CXX obj/translator/SizeClipCullDistance.obj
[1010/1268] CXX obj/translator/ValidateAST.obj
[1011/1268] CXX obj/translator/ValidateVaryingLocations.obj
[1012/1268] CXX obj/translator/VariablePacker.obj
[1013/1268] CXX obj/translator/blocklayout.obj
[1014/1268] CXX obj/translator/AddDefaultReturnStatements.obj
[1015/1268] CXX obj/translator/ClampFragDepth.obj
[1016/1268] CXX obj/translator/ClampIndirectIndices.obj
[1017/1268] CXX obj/translator/ClampPointSize.obj
[1018/1268] CXX obj/translator/glslang_lex_autogen.obj
[1019/1268] CXX obj/translator/EmulateGLFragColorBroadcast.obj
[1020/1268] CXX obj/translator/glslang_tab_autogen.obj
[1021/1268] CXX obj/translator/DeclareAndInitBuiltinsForInstancedMultiview.obj
[1022/1268] CXX obj/translator/DeferGlobalInitializers.obj
[1023/1268] CXX obj/translator/DeclarePerVertexBlocks.obj
[1024/1268] CXX obj/translator/FoldExpressions.obj
[1025/1268] CXX obj/translator/EmulateMultiDrawShaderBuiltins.obj
[1026/1268] CXX obj/translator/ParseContext.obj
[1027/1268] CXX obj/translator/PreTransformTextureCubeGradDerivatives.obj
[1028/1268] CXX obj/translator/PruneEmptyCases.obj
[1029/1268] CXX obj/translator/PruneNoOps.obj
[1030/1268] CXX obj/translator/RecordConstantPrecision.obj
[1031/1268] CXX obj/translator/GatherDefaultUniforms.obj
[1032/1268] CXX obj/translator/InitializeVariables.obj
[1033/1268] CXX obj/translator/RemoveArrayLengthMethod.obj
[1034/1268] CXX obj/translator/ReduceInterfaceBlocks.obj
[1035/1268] CXX obj/translator/MonomorphizeUnsupportedFunctions.obj
[1036/1268] CXX obj/translator/RemoveAtomicCounterBuiltins.obj
[1037/1268] CXX obj/translator/RemoveInactiveInterfaceVariables.obj
[1038/1268] CXX obj/translator/RemoveInvariantDeclaration.obj
[1039/1268] CXX obj/translator/RemoveDynamicIndexing.obj
[1040/1268] CXX obj/translator/RewriteDfdy.obj
[1041/1268] CXX obj/translator/RewritePixelLocalStorage.obj
[1042/1268] CXX obj/translator/RewriteTexelFetchOffset.obj
[1043/1268] CXX obj/translator/ScalarizeVecAndMatConstructorArgs.obj
[1044/1268] CXX obj/translator/RewriteAtomicCounters.obj
[1045/1268] CXX obj/translator/RemoveUnreferencedVariables.obj
[1046/1268] CXX obj/translator/RewriteArrayOfArrayOfOpaqueUniforms.obj
[1047/1268] CXX obj/translator/RemoveUnusedFramebufferFetch.obj
[1048/1268] CXX obj/translator/SimplifyLoopConditions.obj
[1049/1268] CXX obj/translator/SplitSequenceOperator.obj
[1050/1268] CXX obj/translator/UseGeneratedNamesForAnonymousStructs.obj
[1051/1268] CXX obj/translator/FindFunction.obj
[1052/1268] CXX obj/translator/DriverUniform.obj
[1053/1268] CXX obj/translator/RewriteStructSamplers.obj
[1054/1268] CXX obj/translator/SeparateDeclarations.obj
[1055/1268] CXX obj/translator/FindMain.obj
[1056/1268] CXX obj/translator/FindSymbolNode.obj
[1057/1268] CXX obj/translator/IntermNodePatternMatcher.obj
[1058/1268] CXX obj/translator/IntermNode_util.obj
[1059/1268] CXX obj/translator/IntermTraverse.obj
[1060/1268] CXX obj/translator/RewriteSampleMaskVariable.obj
[1061/1268] CXX obj/translator/RunAtTheBeginningOfShader.obj
[1062/1268] CXX obj/translator/FindPreciseNodes.obj
[1063/1268] CXX obj/translator/RunAtTheEndOfShader.obj
[1064/1268] CXX obj/translator/ReplaceClipCullDistanceVariable.obj
[1065/1268] CXX obj/translator/ReplaceArrayOfMatrixVarying.obj
[1066/1268] CXX obj/translator/ReplaceVariable.obj
[1067/1268] CXX obj/translator/ReplaceShadowingVariables.obj
[1068/1268] CXX obj/translator/ImmutableString_autogen.obj
[1069/1268] CXX obj/translator/util.obj
[1070/1268] CXX obj/translator/BuiltInFunctionEmulatorHLSL.obj
[1071/1268] CXX obj/translator/ImageFunctionHLSL.obj
[1072/1268] CXX obj/translator/ASTMetadataHLSL.obj
[1073/1268] CXX obj/translator/SymbolTable_autogen.obj
[1074/1268] CXX obj/translator/blocklayoutHLSL.obj
[1075/1268] CXX obj/translator/StructureHLSL.obj
[1076/1268] CXX obj/translator/TranslatorHLSL.obj
[1077/1268] CXX obj/translator/emulated_builtin_functions_hlsl_autogen.obj
[1078/1268] CXX obj/translator/UtilsHLSL.obj
[1079/1268] CXX obj/translator/TextureFunctionHLSL.obj
[1080/1268] CXX obj/translator/ResourcesHLSL.obj
[1081/1268] CXX obj/translator/ArrayReturnValueToOutParameter.obj
[1082/1268] CXX obj/translator/ExpandIntegerPowExpressions.obj
[1083/1268] CXX obj/translator/BreakVariableAliasingInInnerLoops.obj
[1084/1268] CXX obj/translator/RecordUniformBlocksWithLargeArrayMember.obj
[1085/1268] CXX obj/translator/RemoveSwitchFallThrough.obj
[1086/1268] CXX obj/translator/RewriteUnaryMinusOperatorInt.obj
[1087/1268] CXX obj/translator/OutputHLSL.obj
[1088/1268] CXX obj/translator/RewriteElseBlocks.obj
[1089/1268] CXX obj/translator/SeparateExpressionsReturningArrays.obj
[1090/1268] CXX obj/src/common/vulkan/angle_libvulkan_loader/libvulkan_loader.obj
[1091/1268] CXX obj/translator/SeparateArrayConstructorStatements.obj
[1092/1268] CXX obj/translator/SeparateArrayInitialization.obj
[1093/1268] LIB obj/angle_image_util.lib
[1094/1268] CXX obj/translator/UnfoldShortCircuitToIf.obj
[1095/1268] CXX obj/translator/WrapSwitchStatementsInBlocks.obj
[1096/1268] CXX obj/src/common/vulkan/angle_vulkan_icd/vulkan_icd.obj
[1097/1268] CXX obj/angle_frame_capture_mock/serialize_mock.obj
[1098/1268] CXX obj/angle_d3d_format_tables/dxgi_support_table_autogen.obj
[1099/1268] CXX obj/libANGLE_no_vulkan/AttributeMap.obj
[1100/1268] CXX obj/angle_d3d_format_tables/dxgi_format_map_autogen.obj
[1101/1268] CXX obj/libANGLE_no_vulkan/Config.obj
[1102/1268] CXX obj/libANGLE_no_vulkan/Caps.obj
[1103/1268] CXX obj/libANGLE_no_vulkan/Compiler.obj
[1104/1268] CXX obj/libANGLE_no_vulkan/Buffer.obj
[1105/1268] CXX obj/angle_frame_capture_mock/FrameCapture_mock.obj
[1106/1268] CXX obj/libANGLE_no_vulkan/ContextMutex.obj
[1107/1268] CXX obj/libANGLE_no_vulkan/BlobCache.obj
[1108/1268] CXX obj/libANGLE_no_vulkan/Debug.obj
[1109/1268] CXX obj/libANGLE_no_vulkan/Context_gles_1_0.obj
[1110/1268] CXX obj/libANGLE_no_vulkan/EGLSync.obj
[1111/1268] CXX obj/libANGLE_no_vulkan/Error.obj
[1112/1268] CXX obj/libANGLE_no_vulkan/Device.obj
[1113/1268] CXX obj/libANGLE_no_vulkan/FramebufferAttachment.obj
[1114/1268] CXX obj/libANGLE_no_vulkan/Fence.obj
[1115/1268] CXX obj/libANGLE_no_vulkan/GLES1State.obj
[1116/1268] CXX obj/libANGLE_no_vulkan/GlobalMutex.obj
[1117/1268] CXX obj/libANGLE_no_vulkan/Framebuffer.obj
[1118/1268] CXX obj/libANGLE_no_vulkan/HandleAllocator.obj
[1119/1268] CXX obj/libANGLE_no_vulkan/GLES1Renderer.obj
[1120/1268] CXX obj/libANGLE_no_vulkan/ImageIndex.obj
[1121/1268] CXX obj/libANGLE_no_vulkan/LoggingAnnotator.obj
[1122/1268] CXX obj/libANGLE_no_vulkan/Context.obj
[1123/1268] CXX obj/libANGLE_no_vulkan/Observer.obj
[1124/1268] CXX obj/libANGLE_no_vulkan/MemoryObject.obj
[1125/1268] CXX obj/libANGLE_no_vulkan/IndexRangeCache.obj
[1126/1268] CXX obj/libANGLE_no_vulkan/Image.obj
[1127/1268] CXX obj/libANGLE_no_vulkan/Platform.obj
[1128/1268] CXX obj/libANGLE_no_vulkan/Display.obj
[1129/1268] CXX obj/libANGLE_no_vulkan/MemoryShaderCache.obj
[1130/1268] CXX obj/libANGLE_no_vulkan/MemoryProgramCache.obj
[1131/1268] CXX obj/libANGLE_no_vulkan/PixelLocalStorage.obj
[1132/1268] CXX obj/libANGLE_no_vulkan/Query.obj
[1133/1268] CXX obj/libANGLE_no_vulkan/Renderbuffer.obj
[1134/1268] CXX obj/libANGLE_no_vulkan/ProgramPipeline.obj
[1135/1268] CXX obj/libANGLE_no_vulkan/Sampler.obj
[1136/1268] CXX obj/libANGLE_no_vulkan/Semaphore.obj
[1137/1268] CXX obj/libANGLE_no_vulkan/ResourceManager.obj
[1138/1268] CXX obj/libANGLE_no_vulkan/ProgramExecutable.obj
[1139/1268] CXX obj/libANGLE_no_vulkan/ProgramLinkedResources.obj
[1140/1268] CXX obj/libANGLE_no_vulkan/Program.obj
[1141/1268] CXX obj/libANGLE_no_vulkan/ShareGroup.obj
[1142/1268] CXX obj/libANGLE_no_vulkan/Stream.obj
[1143/1268] CXX obj/libANGLE_no_vulkan/State.obj
[1144/1268] CXX obj/libANGLE_no_vulkan/Shader.obj
[1145/1268] CXX obj/libANGLE_no_vulkan/Uniform.obj
[1146/1268] CXX obj/libANGLE_no_vulkan/Thread.obj
[1147/1268] CXX obj/libANGLE_no_vulkan/TransformFeedback.obj
[1148/1268] CXX obj/libANGLE_no_vulkan/Texture.obj
[1149/1268] CXX obj/libANGLE_no_vulkan/Surface.obj
[1150/1268] CXX obj/libANGLE_no_vulkan/es3_copy_conversion_table_autogen.obj
[1151/1268] CXX obj/libANGLE_no_vulkan/format_map_autogen.obj
[1152/1268] CXX obj/libANGLE_no_vulkan/VaryingPacking.obj
[1153/1268] CXX obj/libANGLE_no_vulkan/VertexAttribute.obj
[1154/1268] CXX obj/libANGLE_no_vulkan/BufferImpl.obj
[1155/1268] CXX obj/libANGLE_no_vulkan/angletypes.obj
[1156/1268] CXX obj/libANGLE_no_vulkan/VertexArray.obj
[1157/1268] CXX obj/libANGLE_no_vulkan/gles_extensions_autogen.obj
[1158/1268] CXX obj/libANGLE_no_vulkan/DeviceImpl.obj
[1159/1268] CXX obj/libANGLE_no_vulkan/EGLSyncImpl.obj
[1160/1268] CXX obj/libANGLE_no_vulkan/queryconversions.obj
[1161/1268] CXX obj/libANGLE_no_vulkan/ContextImpl.obj
[1162/1268] CXX obj/libANGLE_no_vulkan/EGLReusableSync.obj
[1163/1268] CXX obj/libANGLE_no_vulkan/DisplayImpl.obj
[1164/1268] CXX obj/libANGLE_no_vulkan/formatutils.obj
[1165/1268] CXX obj/libANGLE_no_vulkan/queryutils.obj
[1166/1268] CXX obj/libANGLE_no_vulkan/FramebufferImpl.obj
[1167/1268] CXX obj/libANGLE_no_vulkan/ImageImpl.obj
[1168/1268] CXX obj/libANGLE_no_vulkan/QueryImpl.obj
[1169/1268] CXX obj/libANGLE_no_vulkan/RenderbufferImpl.obj
[1170/1268] CXX obj/libANGLE_no_vulkan/ProgramPipelineImpl.obj
[1171/1268] CXX obj/libANGLE_no_vulkan/Format_table_autogen.obj
[1172/1268] CXX obj/libANGLE_no_vulkan/TransformFeedbackImpl.obj
[1173/1268] CXX obj/libANGLE_no_vulkan/ProgramImpl.obj
[1174/1268] CXX obj/libANGLE_no_vulkan/TextureImpl.obj
[1175/1268] CXX obj/libANGLE_no_vulkan/SurfaceImpl.obj
[1176/1268] CXX obj/libANGLE_no_vulkan/VertexArrayImpl.obj
[1177/1268] CXX obj/libANGLE_no_vulkan/driver_utils.obj
[1178/1268] CXX obj/libANGLE_no_vulkan/ShaderImpl.obj
[1179/1268] CXX obj/libANGLE_no_vulkan/load_functions_table_autogen.obj
[1180/1268] CXX obj/libANGLE_no_vulkan/validationEGL.obj
[1181/1268] CXX obj/libANGLE_no_vulkan/validationES1.obj
[1182/1268] CXX obj/libANGLE_no_vulkan/validationES3.obj
[1183/1268] CXX obj/libANGLE_no_vulkan/validationES31.obj
[1184/1268] CXX obj/libANGLE_no_vulkan/validationES2.obj
[1185/1268] CXX obj/libANGLE_no_vulkan/validationES32.obj
[1186/1268] CXX obj/libANGLE_no_vulkan/validationES.obj
[1187/1268] CXX obj/libANGLE_no_vulkan/renderer_utils.obj
[1188/1268] CXX obj/libGLESv2/egl_stubs_getprocaddress_autogen.obj
[1189/1268] CXX obj/libGLESv2/egl_ext_stubs.obj
[1190/1268] CXX obj/libANGLE_no_vulkan/validationESEXT.obj
[1191/1268] CXX obj/libGLESv2/egl_stubs.obj
[1192/1268] CXX obj/libGLESv2/entry_points_egl_autogen.obj
[1193/1268] CXX obj/libGLESv2/entry_points_egl_ext_autogen.obj
[1194/1268] CXX obj/libGLESv2/entry_points_gles_1_0_autogen.obj
[1195/1268] CXX obj/libGLESv2/entry_points_gles_3_0_autogen.obj
[1196/1268] LIB obj/translator.lib
[1197/1268] LIB obj/angle_gpu_info_util.lib
[1198/1268] RC obj/libGLESv2/libGLESv2.res
[1199/1268] CXX obj/libGLESv2/libGLESv2_autogen.obj
[1200/1268] CXX obj/libGLESv2/entry_points_gles_2_0_autogen.obj
[1201/1268] CXX obj/libGLESv2/entry_points_gles_3_1_autogen.obj
[1202/1268] CXX obj/libGLESv2/entry_points_gles_3_2_autogen.obj
[1203/1268] CXX obj/libGLESv2/global_state.obj
[1204/1268] CXX obj/libGLESv2/entry_points_gles_ext_autogen.obj
[1205/1268] CXX obj/src/libANGLE/renderer/d3d/angle_d3d11_backend/DebugAnnotator11.obj
[1206/1268] CXX obj/src/libANGLE/renderer/d3d/angle_d3d11_backend/Device11.obj
[1207/1268] CXX obj/src/libANGLE/renderer/d3d/angle_d3d11_backend/Buffer11.obj
[1208/1268] CXX obj/src/libANGLE/renderer/d3d/angle_d3d11_backend/Clear11.obj
[1209/1268] CXX obj/src/libANGLE/renderer/d3d/angle_d3d11_backend/Context11.obj
[1210/1268] CXX obj/src/libANGLE/renderer/d3d/angle_d3d11_backend/Blit11.obj
[1211/1268] CXX obj/src/libANGLE/renderer/d3d/angle_d3d11_backend/ExternalImageSiblingImpl11.obj
[1212/1268] CXX obj/src/libANGLE/renderer/d3d/angle_d3d11_backend/ProgramPipeline11.obj
[1213/1268] CXX obj/src/libANGLE/renderer/d3d/angle_d3d11_backend/Fence11.obj
[1214/1268] CXX obj/src/libANGLE/renderer/d3d/angle_d3d11_backend/IndexBuffer11.obj
[1215/1268] CXX obj/src/libANGLE/renderer/d3d/angle_d3d11_backend/Image11.obj
[1216/1268] CXX obj/src/libANGLE/renderer/d3d/angle_d3d11_backend/Framebuffer11.obj
[1217/1268] CXX obj/src/libANGLE/renderer/d3d/angle_d3d11_backend/PixelTransfer11.obj
[1218/1268] CXX obj/src/libANGLE/renderer/d3d/angle_d3d11_backend/Program11.obj
[1219/1268] CXX obj/src/libANGLE/renderer/d3d/angle_d3d11_backend/InputLayoutCache.obj
[1220/1268] CXX obj/src/libANGLE/renderer/d3d/angle_d3d11_backend/Query11.obj
[1221/1268] CXX obj/src/libANGLE/renderer/d3d/angle_d3d11_backend/RenderStateCache.obj
[1222/1268] CXX obj/src/libANGLE/renderer/d3d/angle_d3d11_backend/RenderTarget11.obj
[1223/1268] CXX obj/src/libANGLE/renderer/d3d/angle_d3d11_backend/ShaderExecutable11.obj
[1224/1268] CXX obj/src/libANGLE/renderer/d3d/angle_d3d11_backend/ResourceManager11.obj
[1225/1268] CXX obj/src/libANGLE/renderer/d3d/angle_d3d11_backend/StreamProducerD3DTexture.obj
[1226/1268] CXX obj/src/libANGLE/renderer/d3d/angle_d3d11_backend/StateManager11.obj
[1227/1268] CXX obj/src/libANGLE/renderer/d3d/angle_d3d11_backend/SwapChain11.obj
[1228/1268] CXX obj/src/libANGLE/renderer/d3d/angle_d3d11_backend/TransformFeedback11.obj
[1229/1268] CXX obj/src/libANGLE/renderer/d3d/angle_d3d11_backend/Trim11.obj
[1230/1268] CXX obj/src/libANGLE/renderer/d3d/angle_d3d11_backend/VertexBuffer11.obj
[1231/1268] CXX obj/src/libANGLE/renderer/d3d/angle_d3d11_backend/VertexArray11.obj
[1232/1268] CXX obj/src/libANGLE/renderer/d3d/angle_d3d11_backend/TextureStorage11.obj
[1233/1268] CXX obj/src/libANGLE/renderer/d3d/angle_d3d11_backend/texture_format_table.obj
[1234/1268] CXX obj/src/libANGLE/renderer/d3d/angle_d3d11_backend/formatutils11.obj
[1235/1268] CXX obj/src/libANGLE/renderer/d3d/angle_d3d11_backend/Renderer11.obj
[1236/1268] CXX obj/src/libANGLE/renderer/d3d/angle_d3d11_backend/renderer11_utils.obj
[1237/1268] CXX obj/src/libANGLE/renderer/d3d/angle_d3d11_backend/texture_format_table_autogen.obj
[1238/1268] CXX obj/src/libANGLE/renderer/d3d/angle_d3d11_backend/NativeWindow11Win32.obj
[1239/1268] CXX obj/src/libANGLE/renderer/d3d/angle_d3d_shared/BufferD3D.obj
[1240/1268] CXX obj/src/libANGLE/renderer/d3d/angle_d3d_shared/CompilerD3D.obj
[1241/1268] CXX obj/src/libANGLE/renderer/d3d/angle_d3d_shared/ImageD3D.obj
[1242/1268] CXX obj/src/libANGLE/renderer/d3d/angle_d3d_shared/DisplayD3D.obj
[1243/1268] CXX obj/src/libANGLE/renderer/d3d/angle_d3d11_backend/CompositorNativeWindow11.obj
[1244/1268] CXX obj/src/libANGLE/renderer/d3d/angle_d3d_shared/DynamicHLSL.obj
[1245/1268] CXX obj/src/libANGLE/renderer/d3d/angle_d3d_shared/DynamicImage2DHLSL.obj
[1246/1268] CXX obj/src/libANGLE/renderer/d3d/angle_d3d_shared/EGLImageD3D.obj
[1247/1268] CXX obj/src/libANGLE/renderer/d3d/angle_d3d_shared/NativeWindowD3D.obj
[1248/1268] CXX obj/src/libANGLE/renderer/d3d/angle_d3d_shared/FramebufferD3D.obj
[1249/1268] CXX obj/src/libANGLE/renderer/d3d/angle_d3d_shared/RenderTargetD3D.obj
[1250/1268] CXX obj/src/libANGLE/renderer/d3d/angle_d3d_shared/HLSLCompiler.obj
[1251/1268] CXX obj/src/libANGLE/renderer/d3d/angle_d3d_shared/IndexDataManager.obj
[1252/1268] CXX obj/src/libANGLE/renderer/d3d/angle_d3d_shared/IndexBuffer.obj
[1253/1268] CXX obj/src/libANGLE/renderer/d3d/angle_d3d_shared/ShaderExecutableD3D.obj
[1254/1268] CXX obj/src/libANGLE/renderer/d3d/angle_d3d_shared/SwapChainD3D.obj
[1255/1268] CXX obj/src/libANGLE/renderer/d3d/angle_d3d_shared/RenderbufferD3D.obj
[1256/1268] CXX obj/src/libANGLE/renderer/d3d/angle_d3d_shared/RendererD3D.obj
[1257/1268] CXX obj/src/libANGLE/renderer/d3d/angle_d3d_shared/ProgramD3D.obj
[1258/1268] RC obj/libEGL/libEGL.res
[1259/1268] CXX obj/src/libANGLE/renderer/d3d/angle_d3d_shared/SurfaceD3D.obj
[1260/1268] CXX obj/libEGL/libEGL_autogen.obj
[1261/1268] CXX obj/src/libANGLE/renderer/d3d/angle_d3d_shared/driver_utils_d3d.obj
[1262/1268] CXX obj/src/libANGLE/renderer/d3d/angle_d3d_shared/ShaderD3D.obj
[1263/1268] CXX obj/src/libANGLE/renderer/d3d/angle_d3d_shared/ProgramExecutableD3D.obj
[1264/1268] CXX obj/src/libANGLE/renderer/d3d/angle_d3d_shared/VertexBuffer.obj
[1265/1268] CXX obj/src/libANGLE/renderer/d3d/angle_d3d_shared/VertexDataManager.obj
[1266/1268] CXX obj/src/libANGLE/renderer/d3d/angle_d3d_shared/TextureD3D.obj
[1267/1268] LINK(DLL) libGLESv2.dll libGLESv2.dll.lib libGLESv2.dll.pdb
[1268/1268] LINK(DLL) libEGL.dll libEGL.dll.lib libEGL.dll.pdb
Staged verified files: C:\Users\verom\.treehouse\krunker-zero-1bfdef\1\krunker-zero\deps\windows-x64\angle
